station_coordinates,station_name,station_type,transport_type,station_exploitant
"[48.68101661540746, 2.533130656571037]",Boussy-Saint-Antoine,RER,RER D,SNCF
"[48.60674494801255, 2.3020596915826386]",Brétigny,RER,RER C,SNCF
"[49.00975645120457, 2.5612326952251054]",Aéroport Charles De Gaulle 1,RER,RER B,SNCF
"[48.798892499145914, 2.3281369230647506]",Arcueil-Cachan,RER,RER B,RATP
"[48.932196005027805, 2.495513142584313]",Aulnay-sous-Bois,TRAIN,TRAIN K,SNCF
"[48.932196005027805, 2.495513142584313]",Aulnay-sous-Bois,RER,RER B,SNCF
"[48.85364805623443, 2.2794870649625656]",Avenue du Président Kennedy,RER,RER C,SNCF
"[48.533732833041356, 2.0087718138734374]",Dourdan,RER,RER C,SNCF
"[48.972749118825284, 2.3071370320715325]",Enghien-Les-Bains,TRAIN,TRAIN H,SNCF
"[49.04964700432274, 2.0342944618526615]",Cergy-Saint-Christophe,TRAIN,TRAIN L,SNCF
"[48.806985070711534, 2.5103072371156405]",Champigny,RER,RER A,RATP
"[48.799728824409215, 2.1836841098542354]",Chaville-Vélizy,RER,RER C,SNCF
"[48.66790196011456, 2.547548045814365]",Combs-la-Ville - Quincy,RER,RER D,SNCF
"[48.93289616551451, 2.307943234074897]",Gennevilliers,RER,RER C,SNCF
"[48.815229933781644, 2.3408911324445945]",Gentilly,RER,RER B,RATP
"[48.69819697536674, 2.1365667170583604]",Gif-sur-Yvette,RER,RER B,RATP
"[48.99028999544205, 2.1619066055921574]",Herblay,TRAIN,TRAIN J,SNCF
"[48.9802459057471, 2.269132274132826]",Ermont-Eaubonne,TRAIN,TRAIN J,SNCF
"[48.41637703207025, 2.726661533081672]",Fontainebleau Avon,TRAIN,TRAIN R,SNCF
"[48.8437725759169, 2.373916469806498]",Gare de Lyon,RER,RER D,SNCF
"[48.92037937299015, 2.1853533763028636]",Houilles-Carrières-sur-Seine,TRAIN,TRAIN J,SNCF
"[48.84271995342031, 2.1381250587772946]",La Celle-Saint-Cloud,TRAIN,TRAIN L,SNCF
"[48.92435387872672, 2.386388291064693]",La Courneuve-Aubervilliers,RER,RER B,SNCF
"[48.94550297097257, 2.145017437654258]",Maisons-Laffitte,RER,RER A,SNCF
"[48.98950250709662, 1.7030161341672225]",Mantes-la-Jolie,TRAIN,TRAIN J,SNCF
"[48.734939295556416, 2.8689558300836873]",Marles-en-Brie,TRAIN,TRAIN P,SNCF
"[48.90963293219175, 2.239684117127616]",La Garenne-Colombes,TRAIN,TRAIN L,SNCF
"[48.808296587696724, 2.3343543096396475]",Laplace,RER,RER B,RATP
"[48.897973445402116, 2.122117447472966]",Le Vésinet-Le Pecq,RER,RER A,RATP
"[48.824848568564235, 2.5118555534510065]",Les Boullereaux-Champigny,RER,RER E,SNCF
"[48.99261388070526, 1.9554792475346048]",Les Clairières de Verneuil,TRAIN,TRAIN J,SNCF
"[48.745072165958895, 2.417520977896491]",Les Saules,RER,RER C,SNCF
"[48.70223938596822, 2.2945577478546335]",Longjumeau,RER,RER C,SNCF
"[48.513754590039326, 3.250034982583049]",Longueville,TRAIN,TRAIN P,SNCF
"[48.839341938245695, 2.494188055346114]",Nogent-le-Perreux,RER,RER E,SNCF
"[48.77163431277776, 2.146972741512856]",Petit-Jouy-les-Loges,RER,RER C,SNCF
"[48.6140152408775, 2.8882528940730743]",Mormant,TRAIN,TRAIN P,SNCF
"[48.813798481192784, 3.0429382660462956]",Mouroux,TRAIN,TRAIN P,SNCF
"[48.697505669868114, 2.181054439041218]",Orsay-Ville,RER,RER B,RATP
"[48.83191618338393, 1.9444017580668451]",Plaisir-Grignon,TRAIN,TRAIN N,SNCF
"[48.93326540519439, 2.0410722896759257]",Poissy,TRAIN,TRAIN J,SNCF
"[49.04664576170749, 2.0951950672259683]",Pontoise,TRAIN,TRAIN H,SNCF
"[49.04664576170749, 2.0951950672259683]",Pontoise,RER,RER C,SNCF
"[49.04664576170749, 2.0951950672259683]",Pontoise,TRAIN,TRAIN J,SNCF
"[48.796528180240905, 2.1523786602533717]",Porchefontaine,RER,RER C,SNCF
"[48.78739023735681, 2.044621988534177]",Saint-Quentin-en-Yvelines,RER,RER C,SNCF
"[48.67644665606244, 2.3524814010489967]",Savigny-sur-Orge,RER,RER C,SNCF
"[48.535806508307815, 2.069381524887471]",Sermaise,RER,RER C,SNCF
"[49.11902264537138, 2.3997248525189114]",Seugy,TRAIN,TRAIN H,SNCF
"[48.93628018471764, 2.5347149747425233]",Sevran-Livry,RER,RER B,SNCF
"[48.82942901439413, 1.6690101613655632]",Tacoignières-Richebourg,TRAIN,TRAIN N,SNCF
"[49.02496079387932, 2.2223226926705837]",Taverny,TRAIN,TRAIN H,SNCF
"[48.8833838128909, 2.2336919201504086]",Puteaux,TRAIN,TRAIN L,SNCF
"[48.8875736177044, 2.1725794477184146]",Rueil-Malmaison,RER,RER A,RATP
"[48.79870763435358, 2.0718470059294005]",Saint-Cyr,TRAIN,TRAIN U,SNCF
"[48.93445554412717, 2.3456043781962896]",Saint-Denis,RER,RER D,SNCF
"[48.65281140050726, 2.312736251060262]",Sainte-Geneviève-des-Bois,RER,RER C,SNCF
"[48.80020939740985, 2.40271281718153]",Vitry-sur-Seine,RER,RER C,SNCF
"[48.5151514532052, 2.5993042659192627]",Vosves,RER,RER D,SNCF
"[48.83664331709734, 2.152697400276264]",Vaucresson,TRAIN,TRAIN L,SNCF
"[48.981445968476365, 1.9831433520864974]",Vernouillet-Verneuil,TRAIN,TRAIN J,SNCF
"[48.38677098650291, 2.8420373888152235]",Vernou-sur-Seine,TRAIN,TRAIN R,SNCF
"[48.92037937299015, 2.1853533763028636]",Houilles-Carrières-sur-Seine,TRAIN,TRAIN L,SNCF
"[49.099650120775024, 1.9705357223217725]",Us,TRAIN,TRAIN J,SNCF
"[48.85426899270086, 2.489167460948014]",Val de Fontenay,RER,RER E,SNCF
"[48.70812051332577, 2.413871150351318]",Vigneux-sur-Seine,RER,RER D,SNCF
"[48.59281218940513, 2.4615501808974876]",Villabé,RER,RER D,SNCF
"[48.739830698501535, 2.4263998204748227]",Villeneuve-le-Roi,RER,RER C,SNCF
"[48.95314838664854, 2.6031353051184483]",Villeparisis-Mitry-le-Neuf,RER,RER B,SNCF
"[48.823653267814635, 1.9928645351555556]",Villepreux-les-Clayes,TRAIN,TRAIN N,SNCF
"[48.993777145958845, 2.416187488926983]",Villiers-le-Bel-Gonesse-Arnouville,RER,RER D,SNCF
"[48.60507627664525, 1.681645780403712]",Épernon,TRAIN,GL,SNCF
"[48.18643720864527, 1.3862450209435093]",Bonneval,TRAIN,GL,SNCF
"[49.13547414281775, 3.075626562947475]",Mareuil-sur-Ourcq,TRAIN,TRAIN P,SNCF
"[48.85105028137978, 2.3442733454213514]",Cluny-La Sorbonne,METRO,METRO 10,RATP
"[48.754946524596164, 2.3009868557349504]",Antony,RER,RER B,RATP
"[48.97214167597384, 1.8483488082825008]",Aubergenville-Élisabethville,TRAIN,TRAIN J,SNCF
"[48.844139348918475, 2.373259976710645]",Gare de Lyon,RER,RER A,RATP
"[48.74085329922273, 2.230839930557986]",Igny,RER,RER C,SNCF
"[49.132577701458594, 2.2805153698198444]",Nointel-Mours,TRAIN,TRAIN H,SNCF
"[48.80021557720123, 2.129043867370255]",Versailles Château,RER,RER C,SNCF
"[48.56507294010044, 2.5426094498060037]",Saint-Fargeau,RER,RER D,SNCF
"[48.85409607732852, 2.4886964657999346]",Val de Fontenay,RER,RER A,RATP
"[48.74450070121573, 2.438668340778226]",Villeneuve-Triage,RER,RER D,SNCF
"[48.147218038978494, 2.762728388543795]",Dordives,TRAIN,TRAIN R,SNCF
"[49.20347844127161, 2.3772985520921446]",Précy-sur-Oise,TRAIN,TRAIN H,SNCF
"[48.56432890583279, 2.170377259160042]",Breuillet-Village,RER,RER C,SNCF
"[49.15512735960005, 2.3248275129679956]",Bruyères-sur-Oise,TRAIN,TRAIN H,SNCF
"[48.87420418539023, 2.2947732143825266]",Charles De Gaulle-Étoile,RER,RER A,RATP
"[48.81257171624298, 2.188259860000293]",Chaville Rive Droite,TRAIN,TRAIN L,SNCF
"[48.743016568968, 2.2959214068976026]",Fontaine-Michalon,RER,RER B,RATP
"[48.84476017033219, 2.3735936532622803]",Gare de Lyon,TRAIN,TRAIN R,SNCF
"[49.0804937060923, 2.003715373018928]",Montgeroult-Courcelles,TRAIN,TRAIN J,SNCF
"[48.90456638896682, 2.3226263683342263]",Saint-Ouen,RER,RER C,SNCF
"[48.89807641019572, 2.094836628297753]",Saint-Germain-en-Laye,RER,RER A,RATP
"[48.4305048175848, 2.75299838499599]",Vulaines-sur-Seine-Samoreau,TRAIN,TRAIN R,SNCF
"[48.80948226298239, 2.135087456598117]",Versailles Rive Droite,TRAIN,TRAIN L,SNCF
"[48.83345085727892, 2.3317401309853487]",Denfert-Rochereau,METRO,METRO 4,RATP
"[48.873513388661024, 2.3275430817269704]",Havre-Caumartin,METRO,METRO 3,RATP
"[48.87371340577332, 2.3276954096301727]",Havre-Caumartin,METRO,METRO 9,RATP
"[48.84894464412929, 2.3958794351856882]",Nation,METRO,METRO 9,RATP
"[48.84847428503984, 2.39506230542588]",Nation,METRO,METRO 2,RATP
"[48.82035003325553, 2.3385807496409945]",Cité Universitaire,TRAMWAY,TRAM 3a,RATP
"[48.83807588962523, 2.271174403433847]",Pont du Garigliano,TRAMWAY,TRAM 3a,RATP
"[48.93344983983791, 2.3070896535270227]",Gennevilliers,TRAMWAY,TRAM 1,RATP
"[48.74168449220143, 2.3527953813100164]",La Fraternelle,TRAMWAY,TRAM 7,RATP
"[48.729550721727726, 2.3682641286195807]",Aéroport d'Orly,TRAMWAY,TRAM 7,RATP
"[48.80107761048209, 2.1709674010790323]",Viroflay Rive Gauche,TRAMWAY,TRAM 6,RATP
"[48.8975528089661, 2.3733837959985995]",Rosa Parks,TRAMWAY,TRAM 3b,RATP
"[48.87949310699919, 2.388566870479196]",Botzaris,METRO,METRO 7bis,RATP
"[48.85216836871572, 2.3896255399759543]",Rue des Boulets,METRO,METRO 9,RATP
"[48.86865415090181, 2.341376051143573]",Bourse,METRO,METRO 3,RATP
"[48.8561407102205, 2.370209339755371]",Bréguet-Sabin,METRO,METRO 5,RATP
"[48.906374770235026, 2.4491899044793355]",Bobigny Pablo Picasso,METRO,METRO 5,RATP
"[48.84547070664901, 2.429205166347999]",Bérault,METRO,METRO 1,RATP
"[48.869091161091255, 2.380542586000036]",Couronnes,METRO,METRO 2,RATP
"[48.83333855831707, 2.3866324020669847]",Cour Saint-Émilion,METRO,METRO 14,RATP
"[48.78992046595464, 2.4505115282905896]",Créteil-Université,METRO,METRO 8,RATP
"[48.881816107252455, 2.3940123983593633]",Danube,METRO,METRO 7bis,RATP
"[48.8395496446341, 2.3957032894363923]",Daumesnil,METRO,METRO 6,RATP
"[48.839041142779394, 2.389620014061438]",Dugommier,METRO,METRO 6,RATP
"[48.844456393634566, 2.440439978057246]",Château de Vincennes,METRO,METRO 1,RATP
"[48.85763140976555, 2.3480365654004007]",Châtelet,METRO,METRO 11,RATP
"[48.877610186483444, 2.3708113953127445]",Colonel Fabien,METRO,METRO 2,RATP
"[48.831129547092026, 2.3435116577497754]",Glacière,METRO,METRO 6,RATP
"[48.83863164530258, 2.322491748462238]",Gaîté,METRO,METRO 13,RATP
"[48.84447014036132, 2.317852783041331]",Falguière,METRO,METRO 12,RATP
"[48.84274677885832, 2.2919124133178745]",Félix Faure,METRO,METRO 8,RATP
"[48.863257944024426, 2.366661093353451]",Filles du Calvaire,METRO,METRO 8,RATP
"[48.85008987711798, 2.3482087741854683]",Maubert-Mutualité,METRO,METRO 10,RATP
"[48.84789564927389, 2.2640820307462213]",Michel Ange-Auteuil,METRO,METRO 9,RATP
"[48.873733164672636, 2.314743542030632]",Miromesnil,METRO,METRO 9,RATP
"[48.88718394593143, 2.3257796748068915]",La Fourche,METRO,METRO 13,RATP
"[48.84874166478328, 2.2989309117480605]",La Motte Picquet-Grenelle,METRO,METRO 6,RATP
"[48.874971744608764, 2.3405759820437195]",Le Peletier,METRO,METRO 7,RATP
"[48.85152370749983, 2.375101033755616]",Ledru Rollin,METRO,METRO 8,RATP
"[48.86080629033762, 2.341108591634066]",Louvre-Rivoli,METRO,METRO 1,RATP
"[48.86963317209047, 2.326272274027748]",Madeleine,METRO,METRO 8,RATP
"[48.868440162341024, 2.4015617127425415]",Pelleport,METRO,METRO 3bis,RATP
"[48.83422588174329, 2.3186164144253834]",Pernety,METRO,METRO 13,RATP
"[48.84506157901035, 2.4012890198273475]",Picpus,METRO,METRO 6,RATP
"[48.830972672053754, 2.35558027407791]",Place d'Italie,METRO,METRO 5,RATP
"[48.85357547156908, 2.3571625716183364]",Pont Marie,METRO,METRO 7,RATP
"[48.872045861792856, 2.3100189324082727]",Saint-Philippe du Roule,METRO,METRO 9,RATP
"[48.869628862844074, 2.354468813108208]",Strasbourg-Saint-Denis,METRO,METRO 4,RATP
"[48.85162059003447, 2.361524965507838]",Sully-Morland,METRO,METRO 7,RATP
"[48.87547445574476, 2.3988675966256006]",Télégraphe,METRO,METRO 11,RATP
"[48.83796121350173, 2.25712222983262]",Porte de Saint-Cloud,METRO,METRO 9,RATP
"[48.827795542560736, 2.305534669653894]",Porte de Vanves,METRO,METRO 13,RATP
"[48.945867271208414, 2.364636482504226]",Saint-Denis - Université,METRO,METRO 13,RATP
"[48.853718933065686, 2.3337761382184663]",Saint-Germain-des-Prés,METRO,METRO 4,RATP
"[48.8415055214255, 2.307948677974289]",Volontaires,METRO,METRO 12,RATP
"[48.84221841267896, 2.329008926235402]",Vavin,METRO,METRO 4,RATP
"[48.923103778731836, 2.2862795775297817]",Les Agnettes,METRO,METRO 13,RATP
"[48.86361093671121, 2.2875801625296517]",Trocadéro,METRO,METRO 6,RATP
"[48.90656714504601, 2.365920319400959]",Front Populaire,METRO,METRO 12,RATP
"[48.86116886366122, 2.3672108677856154]",Saint-Sébastien-Froissart,METRO,METRO 8,RATP
"[48.823151632193444, 2.325509577822383]",Porte d'Orléans,TRAMWAY,TRAM 3a,RATP
"[48.83267687094327, 2.288069457597241]",Porte de Versailles,TRAMWAY,TRAM 3a,RATP
"[48.840001387714224, 2.3795540112141405]",Bercy,METRO,METRO 14,RATP
"[48.87515128697581, 2.3243805554289114]",Saint-Lazare,METRO,METRO 3,RATP
"[48.876126352014495, 2.358047505360746]",Gare de l'Est,METRO,METRO 5,RATP
"[48.884594207093436, 2.337949775692069]",Abbesses,METRO,METRO 12,RATP
"[48.867905343962654, 2.313545549946741]",Champs-Élysées – Clemenceau,METRO,METRO 1,RATP
"[48.8091443609007, 2.43450989592394]",Maisons-Alfort-Stade,METRO,METRO 8,RATP
"[48.82218265762191, 2.3585513482022034]",Maison Blanche,METRO,METRO 7,RATP
"[48.882249532253695, 2.337164539445146]",Pigalle,METRO,METRO 12,RATP
"[48.85107136943748, 2.330700709954214]",Saint-Sulpice,METRO,METRO 4,RATP
"[48.88027195609515, 2.398468172268172]",Pré Saint-Gervais,METRO,METRO 7bis,RATP
"[48.855196323880406, 2.3258155665115288]",Rue du Bac,METRO,METRO 12,RATP
"[48.82708544796182, 2.27941168205042]",Corentin Celton,METRO,METRO 12,RATP
"[48.85806226082792, 2.3908609523236075]",Philippe Auguste,METRO,METRO 2,RATP
"[48.877100184864226, 2.3487755574768463]",Poissonnière,METRO,METRO 7,RATP
"[48.89715409503059, 2.2804138122108455]",Pont de Levallois,METRO,METRO 3,RATP
"[48.84648464963565, 2.3659101068529798]",Quai de la Rapée,METRO,METRO 5,RATP
"[48.8763302640252, 2.3331088937605435]",Trinité d'Estienne d'Orves,METRO,METRO 12,RATP
"[48.82741485861918, 2.3066359265017424]",Porte de Vanves,TRAMWAY,TRAM 3a,RATP
"[48.89767181855045, 2.3298303344938858]",Porte de Saint-Ouen,TRAMWAY,TRAM 3b,RATP
"[48.898392124743104, 2.3583754693257846]",Porte de la Chapelle,TRAMWAY,TRAM 3b,RATP
"[48.84243679699021, 2.3651848119933803]",Gare d'Austerlitz,METRO,METRO 10,RATP
"[48.845868977751635, 2.373774422563834]",Gare de Lyon,METRO,METRO 1,RATP
"[48.9009555366144, 2.5708415546006798]",Hôpital de Montfermeil,TRAMWAY,TRAM 4,SNCF
"[48.92271118741881, 2.406622752354693]",Danton,TRAMWAY,TRAM 1,RATP
"[48.82982637808205, 2.2956619828222937]",Georges Brassens,TRAMWAY,TRAM 3a,RATP
"[48.83435816451825, 2.2840072433034178]",Desnouettes,TRAMWAY,TRAM 3a,RATP
"[48.92650393687579, 2.5191194854240337]",Freinville-Sevran,TRAMWAY,TRAM 4,SNCF
"[48.933586402795655, 2.3710831716238587]",Hôpital Delafontaine,TRAMWAY,TRAM 1,RATP
"[48.9385944749182, 2.355845266780603]",Marché de Saint-Denis,TRAMWAY,TRAM 1,RATP
"[48.81917432819849, 2.2385983377921432]",Meudon-sur-Seine,TRAMWAY,TRAM 2,RATP
"[48.90966636441769, 2.4374878022135897]",La Ferme,TRAMWAY,TRAM 1,RATP
"[48.9026781018502, 2.5119399343333138]",Les Pavillons-sous-Bois,TRAMWAY,TRAM 4,SNCF
"[48.916096503158485, 2.5150614461921537]",Lycée Henri Sellier,TRAMWAY,TRAM 4,SNCF
"[48.82150891646152, 2.3333398328576447]",Montsouris,TRAMWAY,TRAM 3a,RATP
"[48.82868555053027, 2.30080195156065]",Brancion,TRAMWAY,TRAM 3a,RATP
"[48.82471101786912, 2.3188296926202256]",Jean Moulin,TRAMWAY,TRAM 3a,RATP
"[48.924375142496096, 2.402073412996909]",Stade Géo André,TRAMWAY,TRAM 1,RATP
"[48.94780764866504, 2.3391809234155634]",Blumenthal,TRAMWAY,TRAM 8,RATP
"[48.94993773472301, 2.3288321713539433]",Les Mobiles,TRAMWAY,TRAM 8,RATP
"[48.955876873953365, 2.311526308692632]",Lacépède,TRAMWAY,TRAM 8,RATP
"[48.934608566729516, 2.3214951981707097]",Chemin des Reniers,TRAMWAY,TRAM 1,RATP
"[48.933355381294895, 2.2946029893860733]",Le Village,TRAMWAY,TRAM 1,RATP
"[48.90766458300991, 2.2383093022906753]",Charlebourg,TRAMWAY,TRAM 2,RATP
"[48.91080258881115, 2.2339886014254824]",Jacqueline Auriol,TRAMWAY,TRAM 2,RATP
"[48.85870400928585, 2.4096856856041025]",Marie de Miribel,TRAMWAY,TRAM 3b,RATP
"[48.83038858965819, 2.393449698306367]",Baron Le Roy,TRAMWAY,TRAM 3a,RATP
"[48.89849110062258, 2.3636513821811365]",Colette Besson,TRAMWAY,TRAM 3b,RATP
"[48.97749308904135, 2.372242923708273]",Les Cholettes,TRAMWAY,TRAM 5,RATP
"[48.938947882682534, 2.356334439358092]",Marché de Saint-Denis,TRAMWAY,TRAM 5,RATP
"[48.71451272435505, 2.371747143464364]",Porte de l'Essonne,TRAMWAY,TRAM 7,RATP
"[48.785121412393345, 2.1787985902704734]",Robert Wagner,TRAMWAY,TRAM 6,RATP
"[48.78368721429029, 2.246977649164127]",Mail de la Plaine,TRAMWAY,TRAM 6,RATP
"[48.78045471059558, 2.1914099192732954]",Mairie de Vélizy,TRAMWAY,TRAM 6,RATP
"[48.89832910346501, 2.3517120717216233]",Diane Arbus,TRAMWAY,TRAM 3b,RATP
"[48.889739950170885, 2.303276049692934]",Porte d'Asnières,TRAMWAY,TRAM 3b,RATP
"[48.927250609666395, 2.2743361323893034]",Asnières Quatre Routes,TRAMWAY,TRAM 1,RATP
"[48.907868478658806, 2.5463803994280094]",Clichy-sous-Bois Mairie,TRAMWAY,TRAM 4,SNCF
"[48.904573065543026, 2.5550142670142626]",Clichy - Montfermeil,TRAMWAY,TRAM 4,SNCF
"[48.900919679716836, 2.5560690265844714]",Notre-Dame-des-Anges,TRAMWAY,TRAM 4,SNCF
"[48.912704974361645, 2.435420992985438]",Escadrille Normandie-Niémen,TRAMWAY,TRAM 1,RATP
"[48.90041730313167, 2.465460481358354]",Petit Noisy,TRAMWAY,TRAM 1,RATP
"[48.833314270546786, 2.2768549764108]",Suzanne Lenglen,TRAMWAY,TRAM 2,RATP
"[48.780730968215366, 2.2398320176249897]",Pavé Blanc,TRAMWAY,TRAM 6,RATP
"[48.78350097476932, 2.2309835589388722]",Georges Millandy,TRAMWAY,TRAM 6,RATP
"[48.90276802462004, 2.2395420349525783]",Les Fauvelles,TRAMWAY,TRAM 2,RATP
"[48.756701025400794, 2.368367466323624]",La Belle Épine,TRAMWAY,TRAM 7,RATP
"[49.032279109980884, 2.699222253625638]",Dammartin-Juilly-Saint-Mard,TRAIN,TRAIN K,SNCF
"[48.84519309572949, 2.5256159084395455]",Bry-sur-Marne,RER,RER A,RATP
"[48.90581841066141, 2.283021086099524]",Asnières-sur-Seine,TRAIN,TRAIN L,SNCF
"[48.44806161422078, 1.480196791448219]",Chartres,TRAIN,GL,SNCF
"[48.54266517075563, 1.590079046166316]",Saint-Piat,TRAIN,GL,SNCF
"[48.07340700916987, 1.338434763204049]",Châteaudun,TRAIN,GL,SNCF
"[48.19836234136171, 3.267371200334765]",Sens,TRAIN,GL,SNCF
"[48.73117969276619, 1.3704666816488704]",Dreux,TRAIN,TRAIN N,SNCF
"[48.84715690062344, 2.2780362819959077]",Javel,RER,RER C,SNCF
"[48.97459610189591, 2.048673060384748]",Andrésy,TRAIN,TRAIN J,SNCF
"[48.89862464803908, 2.2491965080151246]",Courbevoie,TRAIN,TRAIN L,SNCF
"[48.407282993152016, 2.7989224425509667]",Champagne-sur-Seine,TRAIN,TRAIN R,SNCF
"[48.75518504105718, 1.9430499444004297]",La Verrière,TRAIN,TRAIN U,SNCF
"[48.89462433307477, 2.3142338462894245]",Porte de Clichy,TRAMWAY,TRAM 3b,RATP
"[48.85190531802241, 2.3979973148307456]",Avron,METRO,METRO 2,RATP
"[48.7966821340621, 2.449412805145807]",Créteil–L’Échat,METRO,METRO 8,RATP
"[48.87600859287756, 2.344572482089328]",Cadet,METRO,METRO 7,RATP
"[48.89465585739898, 2.382160158371537]",Corentin Cariou,METRO,METRO 7,RATP
"[48.883193320365734, 2.3719331286142937]",Jaurès,METRO,METRO 5,RATP
"[48.884970561831835, 2.3787169232246446]",Laumière,METRO,METRO 5,RATP
"[48.884798251049716, 2.369580855577829]",Stalingrad,METRO,METRO 7,RATP
"[48.88222543299418, 2.3382334685046167]",Pigalle,METRO,METRO 2,RATP
"[48.87059047707668, 2.348491131078988]",Bonne Nouvelle,METRO,METRO 8,RATP
"[48.86943888072466, 2.308607493526255]",Franklin D. Roosevelt,METRO,METRO 1,RATP
"[48.93805733018905, 2.360792492279712]",Basilique de Saint-Denis,TRAMWAY,TRAM 1,RATP
"[48.93499415964387, 2.326951043779735]",La Noue,TRAMWAY,TRAM 1,RATP
"[48.872154105379316, 2.068709986317736]",L'Etang - Les Sablons,TRAMWAY,TRAM 13,TRANSKEO
"[48.880991439816405, 2.079177394694268]",Mareil-Marly,TRAMWAY,TRAM 13,TRANSKEO
"[48.8947371484425, 2.069974306780277]",Fourqueux - Bel Air,TRAMWAY,TRAM 13,TRANSKEO
"[48.867950141858145, 2.0508259503050965]",Saint-Nom La Bretèche - Forêt de Marly,TRAMWAY,TRAM 13,TRANSKEO
"[48.761224561446234, 2.291974812661954]",LaVallée,TRAMWAY,TRAM 10,RD Bièvre
"[48.762970469556166, 2.3047519014655236]",La Croix de Berny,TRAMWAY,TRAM 10,RD Bièvre
"[48.96375542868628, 2.372103138402568]",Pierrefitte Stains,RER,RER D,SNCF
"[48.7510232741848, 2.215860857351649]",Bièvres,RER,RER C,SNCF
"[48.955402243597064, 2.093521901580611]",Achères-Grand-Cormier,RER,RER A,SNCF
"[48.97066504738864, 2.0777317645655975]",Achères-Ville,RER,RER A,SNCF
"[48.712628986541134, 2.403633104908492]",Athis-Mons,RER,RER C,SNCF
"[48.87215749394265, 2.329927170608275]",Auber,RER,RER A,RATP
"[49.09840026154347, 2.361270555241056]",Belloy-Saint-Martin,TRAIN,TRAIN H,SNCF
"[49.03531130758752, 2.2102465210570594]",Bessancourt,TRAIN,TRAIN H,SNCF
"[48.85999872950428, 1.8755955903020667]",Beynes,TRAIN,TRAIN N,SNCF
"[48.701217719380196, 2.097975858420524]",Courcelle-sur-Yvette,RER,RER B,RATP
"[49.05510175955669, 2.1227359082735706]",Épluches,TRAIN,TRAIN H,SNCF
"[49.03646397979169, 2.079534939997373]",Cergy-Préfecture,RER,RER A,SNCF
"[49.04964700432274, 2.0342944618526615]",Cergy-Saint-Christophe,RER,RER A,SNCF
"[48.56494949473517, 2.594551816007612]",Cesson,RER,RER D,SNCF
"[48.885211217274076, 2.1559034718965218]",Châtou-Croissy,RER,RER A,RATP
"[48.87414408208016, 2.583331158055107]",Chelles-Gournay,RER,RER E,SNCF
"[48.97674784735997, 2.3905936526418374]",Garges-Sarcelles,RER,RER D,SNCF
"[48.98431596113202, 2.3534072458696835]",Groslay,TRAIN,TRAIN H,SNCF
"[48.99371347945197, 2.234276393996537]",Franconville-Le Plessis-Bouchard,RER,RER C,SNCF
"[49.045430253303934, 2.1970876783182622]",Frépillon,TRAIN,TRAIN H,SNCF
"[48.871503102724695, 2.096548252755342]",Marly-le-Roi,TRAIN,TRAIN L,SNCF
"[48.99609884164107, 2.259655619057618]",Gros-Noyer-Saint-Prix,TRAIN,TRAIN H,SNCF
"[48.810775320845664, 2.953730383101934]",Guérard-la-Celle-sur-Morin,TRAIN,TRAIN P,SNCF
"[48.63426831143351, 2.4525733922724493]",Évry,RER,RER D,SNCF
"[48.808653963998374, 2.993109893419177]",Faremoutiers-Pommeuse,TRAIN,TRAIN P,SNCF
"[48.92037937299015, 2.1853533763028636]",Houilles-Carrières-sur-Seine,RER,RER A,SNCF
"[48.9792922476105, 1.7839734077298484]",Issou-Porcheville,TRAIN,TRAIN J,SNCF
"[48.81398905107478, 2.391686971662538]",Ivry-sur-Seine,RER,RER C,SNCF
"[48.29359176777949, 2.4011338944295835]",Malesherbes,RER,RER D,SNCF
"[48.89298157563894, 1.871845413636553]",Mareil-sur-Mauldre,TRAIN,TRAIN N,SNCF
"[49.058047810832775, 2.1912447591919104]",Méry-sur-Oise,TRAIN,TRAIN H,SNCF
"[48.97585875308649, 2.6424063023101887]",Mitry-Claye,RER,RER B,SNCF
"[48.37864192734427, 2.896381899038523]",La Grande Paroisse,TRAIN,TRAIN R,SNCF
"[48.52040359013404, 2.2547397024275164]",Lardy,RER,RER C,SNCF
"[48.930739569383356, 2.4257914255599533]",Le Bourget,RER,RER B,SNCF
"[48.99259195381762, 1.9135305080946596]",Les Mureaux,TRAIN,TRAIN J,SNCF
"[48.82315185489966, 2.5798372539116783]",Les Yvris-Noisy-le-Grand,RER,RER E,SNCF
"[48.868064422312685, 2.0767191026772904]",L'Étang-la-Ville,TRAIN,TRAIN L,SNCF
"[48.51026517433205, 2.6789739826914003]",Livry-sur-Seine,TRAIN,TRAIN R,SNCF
"[48.705968983887125, 2.2122623780174924]",Lozère,RER,RER B,RATP
"[49.11713213053676, 2.420107032801723]",Luzarches,TRAIN,TRAIN H,SNCF
"[48.80204937938918, 2.426482408484047]",Maisons-Alfort-Alfortville,RER,RER D,SNCF
"[48.716946286650035, 2.2456725145819054]",Palaiseau,RER,RER B,RATP
"[48.83428889796156, 2.4716812425710324]",Nogent-sur-Marne,RER,RER A,RATP
"[48.84288483988904, 2.5800859119743556]",Noisy-Champs,RER,RER A,RATP
"[49.019136738908486, 2.1546634856409232]",Pierrelaye,TRAIN,TRAIN H,SNCF
"[48.33648177967657, 2.7380016185325875]",Montigny-sur-Loing,TRAIN,TRAIN R,SNCF
"[48.37859776699086, 2.7993074292837785]",Moret-Veneux-les-Sablons,TRAIN,TRAIN R,SNCF
"[48.741878704743876, 2.4029086073679395]",Orly Ville,RER,RER C,SNCF
"[48.830959527712174, 1.960026560248268]",Plaisir-les-Clayes,TRAIN,TRAIN N,SNCF
"[48.86266245075987, 2.300989969386769]",Pont de l'Alma,RER,RER C,SNCF
"[48.78739023735681, 2.044621988534177]",Saint-Quentin-en-Yvelines,TRAIN,TRAIN U,SNCF
"[48.702751041142115, 2.071242846320577]",Saint-Rémy-lès-Chevreuse,RER,RER B,RATP
"[48.595563837056154, 2.5839477110612497]",Savigny-le-Temple-Nandy,RER,RER D,SNCF
"[48.91756717565042, 2.3503895378897672]",Stade de France-Saint-Denis,RER,RER D,SNCF
"[48.871714190222136, 2.2210295504311297]",Suresnes-Mont-Valérien,TRAIN,TRAIN L,SNCF
"[49.11406195060892, 2.287915343526004]",Presles-Courcelles,TRAIN,TRAIN H,SNCF
"[48.5554261036265, 3.30179647607817]",Provins,TRAIN,TRAIN P,SNCF
"[48.658975422894706, 2.415206841330065]",Ris-Orangis,RER,RER D,SNCF
"[48.795654820477296, 2.65038766844115]",Roissy-en-Brie,RER,RER E,SNCF
"[48.74019544726775, 2.35163319817191]",Rungis-La Fraternelle,RER,RER C,SNCF
"[48.84610294770648, 2.2176210808904337]",Saint-Cloud,TRAIN,TRAIN U,SNCF
"[48.96358968393914, 2.2859307182089417]",Saint-Gratien,RER,RER C,SNCF
"[48.82326663318944, 2.5426797940158528]",Villiers-sur-Marne - Le Plessis-Trévise,RER,RER E,SNCF
"[48.8007184629288, 2.1713898127563778]",Viroflay Rive Gauche,TRAIN,TRAIN N,SNCF
"[49.02177395531071, 2.229376488386947]",Vaucelles,TRAIN,TRAIN H,SNCF
"[48.64437362398141, 2.825169932970372]",Verneuil-l'Etang,TRAIN,TRAIN P,SNCF
"[49.00811401680905, 2.680252455973216]",Thieux-Nantouillet,TRAIN,TRAIN K,SNCF
"[48.73948720636679, 2.7588245486748937]",Tournan,TRAIN,TRAIN P,SNCF
"[48.77480280884466, 2.0065668690576657]",Trappes,TRAIN,TRAIN N,SNCF
"[48.875208264520296, 2.6375907171679738]",Vaires-Torcy,TRAIN,TRAIN P,SNCF
"[49.11662788157165, 2.3682535476101876]",Viarmes,TRAIN,TRAIN H,SNCF
"[49.079272054054606, 2.3505136376252613]",Villaines,TRAIN,TRAIN H,SNCF
"[48.006601456774845, 2.7431922431979743]",Montargis,TRAIN,TRAIN R,SNCF
"[49.096120808888976, 2.7446862074424234]",Le Plessis-Belleville,TRAIN,TRAIN K,SNCF
"[48.839081279307386, 2.3830280811464517]",Paris-Bercy,TRAIN,GL,SNCF
"[48.754946524596164, 2.3009868557349504]",Antony,VAL,ORLYVAL,RATP Dev
"[48.72509804026411, 2.259946049525821]",Massy-Palaiseau,RER,RER B,RATP
"[48.85290746187024, 2.5143124384334397]",Neuilly-Plaisance,RER,RER A,RATP
"[48.946893910210804, 2.5247790470568603]",Sevran-Beaudottes,RER,RER B,SNCF
"[48.86736622488657, 2.051282049428052]",Saint-Nom-la-Bretèche - Forêt de Marly,TRAIN,TRAIN L,SNCF
"[48.93948680986661, 1.9996036096602352]",Villennes-sur-Seine,TRAIN,TRAIN J,SNCF
"[49.004725623562045, 2.5712948444359345]",Terminal 2 - Gare TGV,VAL,CDGVAL,Transdev
"[49.03876204381963, 1.581532102335018]",Bonnières,TRAIN,TRAIN J,SNCF
"[48.86983048806187, 2.2748081536422338]",Avenue Foch,RER,RER C,SNCF
"[48.689567256029264, 2.383833358799738]",Juvisy,RER,RER D,SNCF
"[48.734888146410114, 2.2740024044842473]",Massy-Verrières,RER,RER C,SNCF
"[48.95693142564194, 2.873364799935517]",Meaux,TRAIN,TRAIN P,SNCF
"[48.89218707551516, 2.2370180563950135]",La Défense,TRAIN,TRAIN U,SNCF
"[48.89218707551516, 2.2370180563950135]",La Défense,TRAIN,TRAIN L,SNCF
"[48.89085679537969, 2.8264054973040675]",Montry-Condé,TRAIN,TRAIN P,SNCF
"[48.275078231754726, 1.6221196174276982]",Voves,TRAIN,GL,SNCF
"[48.095892435455106, 2.7721048119391076]",Ferrières Fontenay,TRAIN,TRAIN R,SNCF
"[48.880195486201494, 2.357633204680053]",Gare du Nord,METRO,METRO 5,RATP
"[48.88489625421614, 2.297724346480177]",Pereire-Levallois,METRO,METRO 3,RATP
"[48.87571908888893, 2.324224580938852]",Saint-Lazare,METRO,METRO 14,RATP
"[48.84737487779481, 2.3954619948327394]",Nation,METRO,METRO 6,RATP
"[48.936155626323526, 2.346470902107097]",Saint-Denis,TRAMWAY,TRAM 1,RATP
"[48.930287860867686, 2.4233851067979795]",Le Bourget,TRAMWAY,TRAM 11,SNCF
"[48.842005346355, 2.2388873271530727]",Boulogne - Jean Jaurès,METRO,METRO 10,RATP
"[48.8407450151916, 2.228536981491631]",Boulogne - Pont de Saint-Cloud,METRO,METRO 10,RATP
"[48.86698310851503, 2.2900588335804866]",Boissière,METRO,METRO 6,RATP
"[48.864766844037305, 2.300991003495584]",Alma-Marceau,METRO,METRO 9,RATP
"[48.892082785032315, 2.2850095013824134]",Anatole France,METRO,METRO 3,RATP
"[48.875336841182126, 2.2901275088247]",Argentine,METRO,METRO 1,RATP
"[48.81074648584623, 2.301678555482428]",Châtillon-Montrouge,METRO,METRO 13,RATP
"[48.844794762777255, 2.293951963648717]",Commerce,METRO,METRO 8,RATP
"[48.86628580364943, 2.322943412243541]",Concorde,METRO,METRO 1,RATP
"[48.86616711401473, 2.323175680856618]",Concorde,METRO,METRO 12,RATP
"[48.87202380946529, 2.300560451236721]",George V,METRO,METRO 1,RATP
"[48.91638230898788, 2.2946851117025537]",Gabriel Péri,METRO,METRO 13,RATP
"[48.857477981594855, 2.3515775629949958]",Hôtel de Ville,METRO,METRO 1,RATP
"[48.863972477882776, 2.3496175641598396]",Étienne Marcel,METRO,METRO 4,RATP
"[48.870396388290395, 2.3614002104327767]",Jacques Bonsergent,METRO,METRO 5,RATP
"[48.882465244637686, 2.3701579617396105]",Jaurès,METRO,METRO 7bis,RATP
"[48.815307530265535, 2.297077796972984]",Malakoff - Rue Étienne Dolet,METRO,METRO 13,RATP
"[48.8527251192356, 2.4060891618687723]",Maraîchers,METRO,METRO 9,RATP
"[48.810129956339246, 2.3622633871273484]",Le Kremlin-Bicêtre,METRO,METRO 7,RATP
"[48.83593030194427, 2.3525422662627014]",Les Gobelins,METRO,METRO 7,RATP
"[48.82662006452886, 2.405851943981901]",Liberté,METRO,METRO 8,RATP
"[48.87023324246549, 2.325163546827897]",Madeleine,METRO,METRO 12,RATP
"[48.87976125216355, 2.4164796436815146]",Mairie des Lilas,METRO,METRO 11,RATP
"[48.862348029905775, 2.336496460942477]",Palais Royal - Musée du Louvre,METRO,METRO 1,RATP
"[48.86525378511986, 2.3745819699964117]",Parmentier,METRO,METRO 3,RATP
"[48.84267681904916, 2.3128127748369014]",Pasteur,METRO,METRO 6,RATP
"[48.8631232137076, 2.385882449326147]",Père Lachaise,METRO,METRO 3,RATP
"[48.83321671877524, 2.362856399519012]",Nationale,METRO,METRO 6,RATP
"[48.852300762159715, 2.339727781593095]",Odéon,METRO,METRO 4,RATP
"[48.829746119059685, 2.2310281002026207]",Pont de Sèvres,METRO,METRO 9,RATP
"[48.81987622012246, 2.3645319531092004]",Porte de Choisy,METRO,METRO 7,RATP
"[48.89434384790808, 2.3474307799602045]",Simplon,METRO,METRO 4,RATP
"[48.85849912278188, 2.3231676112467445]",Solférino,METRO,METRO 12,RATP
"[48.83244909820875, 2.288022141100324]",Porte de Versailles,METRO,METRO 12,RATP
"[48.81922334867439, 2.35970521674602]",Porte d'Italie,METRO,METRO 7,RATP
"[48.82135578287942, 2.369290587346029]",Porte d'Ivry,METRO,METRO 7,RATP
"[48.859873622536846, 2.3719139801008366]",Richard Lenoir,METRO,METRO 5,RATP
"[48.865737865732086, 2.3344377148655506]",Pyramides,METRO,METRO 7,RATP
"[48.87388185322374, 2.385316215101792]",Pyrénées,METRO,METRO 11,RATP
"[48.861204989395915, 2.3534957414911455]",Rambuteau,METRO,METRO 11,RATP
"[48.838964279775986, 2.330754192086215]",Raspail,METRO,METRO 4,RATP
"[48.866496342855754, 2.3513589155329915]",Réaumur Sébastopol,METRO,METRO 3,RATP
"[48.86760087916799, 2.3627573800027624]",République,METRO,METRO 8,RATP
"[48.86778029961571, 2.362928700156112]",République,METRO,METRO 9,RATP
"[48.838427296033, 2.3609671676988544]",Saint-Marcel,METRO,METRO 5,RATP
"[48.86428575771083, 2.3797418931775534]",Rue Saint-Maur,METRO,METRO 3,RATP
"[48.883809200299005, 2.3046744405283954]",Wagram,METRO,METRO 3,RATP
"[48.83951658446791, 2.301107516242396]",Vaugirard,METRO,METRO 12,RATP
"[48.78756279201086, 2.3678041056034975]",Villejuif - Louis Aragon,METRO,METRO 7,RATP
"[48.79648308361576, 2.368269540049694]",Villejuif Paul Vaillant-Couturier,METRO,METRO 7,RATP
"[48.89740222196378, 2.344847748752398]",Porte de Clignancourt,METRO,METRO 4,RATP
"[48.89724528715874, 2.359507868815593]",Porte de la Chapelle,METRO,METRO 12,RATP
"[48.87599106387279, 2.3578807719253265]",Gare de l'Est,METRO,METRO 4,RATP
"[48.8437813048013, 2.324397012385794]",Montparnasse-Bienvenüe,METRO,METRO 4,RATP
"[48.89122859226912, 2.402352143900472]",Hoche,METRO,METRO 5,RATP
"[48.8464230763525, 2.418759786698671]",Saint-Mandé,METRO,METRO 1,RATP
"[48.86306501928347, 2.2862431693282357]",Trocadéro,METRO,METRO 9,RATP
"[48.80468811997663, 2.363953196602165]",Villejuif - Léo Lagrange,METRO,METRO 7,RATP
"[48.91494975634199, 2.4044090887818634]",Fort d'Aubervilliers,METRO,METRO 7,RATP
"[48.88289191651976, 2.3090522645504783]",Malesherbes,METRO,METRO 3,RATP
"[48.85301676698268, 2.3355020517275578]",Mabillon,METRO,METRO 10,RATP
"[48.82430937015939, 2.273665557499754]",Mairie d'Issy,METRO,METRO 12,RATP
"[48.834785157146825, 2.4053832106267707]",Porte Dorée,METRO,METRO 8,RATP
"[48.821829557134386, 2.3700536035296764]",Porte d'Ivry,TRAMWAY,TRAM 3a,RATP
"[48.8469481509172, 2.4095514297873715]",Porte de Vincennes,TRAMWAY,TRAM 3a,RATP
"[48.929816426446465, 2.3572920708824565]",Saint-Denis - Porte de Paris,TRAMWAY,TRAM 8,RATP
"[48.8411869193093, 2.320509227539884]",Montparnasse,TRAIN,TRAIN N,SNCF
"[48.894980809790994, 2.3127919615012913]",Porte de Clichy,METRO,METRO 14,RATP
"[48.87600129056708, 2.225959095144878]",Belvédère,TRAMWAY,TRAM 2,RATP
"[48.931734824551995, 2.378225490397901]",Cosmonautes,TRAMWAY,TRAM 1,RATP
"[48.9140932625715, 2.431278002116334]",Gaston Roulaud,TRAMWAY,TRAM 1,RATP
"[48.82470768479173, 2.260481575638462]",Jacques-Henri Lartigue,TRAMWAY,TRAM 2,RATP
"[48.935605707425715, 2.3343329145357625]",Mairie de Villeneuve-la-Garenne,TRAMWAY,TRAM 1,RATP
"[48.92326825411701, 2.217589799339641]",Pont de Bezons,TRAMWAY,TRAM 2,RATP
"[48.917514906645074, 2.224812188878314]",Parc Pierre Lagravère,TRAMWAY,TRAM 2,RATP
"[48.87945550232368, 2.401233644855654]",Hôpital Robert Debré,TRAMWAY,TRAM 3b,RATP
"[48.88501678825914, 2.3967512888038964]",Butte du Chapeau Rouge,TRAMWAY,TRAM 3b,RATP
"[48.976665691418034, 2.3774196746658705]",Les Flanades,TRAMWAY,TRAM 5,RATP
"[48.9708834033042, 2.3660038891143387]",Jacques Prévert,TRAMWAY,TRAM 5,RATP
"[48.944818931737956, 2.3570063564706416]",Roger Sémat,TRAMWAY,TRAM 5,RATP
"[48.76818987493941, 2.368043000890792]",Bretagne,TRAMWAY,TRAM 7,RATP
"[48.759573534326904, 2.3663980000432177]",Porte de Thiais,TRAMWAY,TRAM 7,RATP
"[48.78198667156529, 2.180493750928926]",L’Onde,TRAMWAY,TRAM 6,RATP
"[48.80420493736828, 2.2890572535997067]",Centre de Châtillon,TRAMWAY,TRAM 6,RATP
"[48.78008715105366, 2.196505812489854]",Louvois,TRAMWAY,TRAM 6,RATP
"[48.932051821778835, 2.352701984386339]",Pierre De Geyter,TRAMWAY,TRAM 8,RATP
"[48.95272632896365, 2.3434612795268253]",Jean Vilar,TRAMWAY,TRAM 8,RATP
"[48.897923572022464, 2.5617143040426065]",Arboretum,TRAMWAY,TRAM 4,SNCF
"[48.7786696964692, 2.3963579030386173]",Watteau - Rondenay,TRAMWAY,TRAM 9,KEOLIS
"[48.7639148701424, 2.4058089440372177]",Rouget de Lisle,TRAMWAY,TRAM 9,KEOLIS
"[48.74499563732309, 2.4083182947704547]",Orly - Gaston Viens,TRAMWAY,TRAM 9,KEOLIS
"[48.93638914612756, 2.363640702197924]",Cimetière de Saint-Denis,TRAMWAY,TRAM 1,RATP
"[48.95316824583038, 2.315403612112167]",Rose Bertin,TRAMWAY,TRAM 8,RATP
"[48.952680186297926, 2.3579830753256545]",Petit Pierrefitte,TRAMWAY,TRAM 5,RATP
"[48.9274028907232, 2.39247111931683]",Hôtel de Ville de La Courneuve,TRAMWAY,TRAM 1,RATP
"[48.9299710252732, 2.3847588600759835]",Six Routes,TRAMWAY,TRAM 1,RATP
"[48.831696592172385, 2.281470444083867]",Porte d'Issy,TRAMWAY,TRAM 2,RATP
"[48.937509895507496, 2.3504000185400646]",Théâtre Gérard Philipe,TRAMWAY,TRAM 1,RATP
"[48.960134541354385, 2.367256583472629]",Pierrefitte Stains,TRAMWAY,TRAM 11,SNCF
"[48.860381278263674, 2.31489073005888]",Invalides,METRO,METRO 8,RATP
"[49.00897846001637, 2.5448318979171196]",Parc PR,VAL,CDGVAL,Transdev
"[49.01768620871566, 2.0901816209910136]",Éragny-Neuville,TRAIN,TRAIN J,SNCF
"[48.99031358296854, 2.263285353999832]",Ermont-Halte,TRAIN,TRAIN H,SNCF
"[48.58676705766165, 1.5926685170022563]",Maintenon,TRAIN,GL,SNCF
"[48.32402397966083, 3.1304207630989658]",Champigny-sur-Yonne,TRAIN,GL,SNCF
"[49.1870872042629, 2.459549118844452]",Chantilly-Gouvieux,RER,RER D,SNCF
"[49.03791491563732, 3.4094570946747402]",Château-Thierry,TRAIN,TRAIN P,SNCF
"[48.87844429946005, 2.3619653022299594]",Château-Landon,METRO,METRO 7,RATP
"[48.805195668207666, 2.1892781185588643]",Chaville Rive Gauche,TRAIN,TRAIN N,SNCF
"[48.62590139398081, 2.430155386011356]",Évry Courcouronnes,RER,RER D,SNCF
"[49.261198496038396, 1.8730972125861565]",Chaumont-en-Vexin,TRAIN,TRAIN J,SNCF
"[48.94345963195152, 1.5417749316626157]",Bréval,TRAIN,GL,SNCF
"[49.0184866494485, 1.149740605527025]",Évreux,TRAIN,GL,SNCF
"[48.99188915932341, 3.364379893535807]",Chézy-sur-Marne,TRAIN,TRAIN P,SNCF
"[48.875672106146304, 2.327842235259621]",Saint-Lazare,METRO,METRO 12,RATP
"[48.99033252744756, 2.0739471888196923]",Conflans-Fin-d'Oise,RER,RER A,SNCF
"[48.48258219543916, 1.5243595289461647]",La Villette-Saint-Prest,TRAIN,GL,SNCF
"[47.9608881446307, 3.512888761289445]",Laroche-Migennes,TRAIN,GL,SNCF
"[48.88341808759222, 2.3496748325822017]",Barbès-Rochechouart,METRO,METRO 4,RATP
"[48.872283107993574, 2.37673072170184]",Belleville,METRO,METRO 2,RATP
"[48.89090644862382, 2.3770904390888754]",Crimée,METRO,METRO 7,RATP
"[48.8931499848255, 2.4127630445476265]",Église de Pantin,METRO,METRO 5,RATP
"[48.835152534806205, 2.3585662563494663]",Campo Formio,METRO,METRO 5,RATP
"[48.85971866106072, 2.3467682857366983]",Châtelet,METRO,METRO 4,RATP
"[48.856942735225, 2.3481474810054985]",Châtelet,METRO,METRO 7,RATP
"[48.88032518553965, 2.3087738359558063]",Monceau,METRO,METRO 2,RATP
"[48.849575212975026, 2.298625127144873]",La Motte Picquet-Grenelle,METRO,METRO 8,RATP
"[48.76881073327119, 2.4642800705433565]",Créteil - Pointe du Lac,METRO,METRO 8,RATP
"[48.87542071571821, 2.3254763744470495]",Saint-Lazare,METRO,METRO 13,RATP
"[48.85509449354248, 2.384699760132843]",Charonne,METRO,METRO 9,RATP
"[48.85710325722025, 2.3681841149506986]",Chemin Vert,METRO,METRO 8,RATP
"[48.871692983636265, 2.3384630810087437]",Richelieu-Drouot,METRO,METRO 8,RATP
"[48.881094426231876, 2.3147210047461946]",Villiers,METRO,METRO 2,RATP
"[48.96562485707645, 2.363302264997832]",Alcide d'Orbigny,TRAMWAY,TRAM 5,RATP
"[48.94393432473557, 2.4111217548968233]",Dugny - La Courneuve,TRAMWAY,TRAM 11,SNCF
"[48.73369934615565, 2.3714125382197087]",Coeur d'Orly,TRAMWAY,TRAM 7,RATP
"[48.803489717990644, 2.3173602968975313]",Bagneux - Lucie Aubrac,METRO,METRO 4,RATP
"[48.90808243688599, 2.3777414811061086]",Aimé Césaire,METRO,METRO 12,RATP
"[48.90320461451807, 2.0729714565656727]",Lisière Pereire,TRAMWAY,TRAM 13,TRANSKEO
"[48.769323788486744, 2.249652962862063]",Malabry,TRAMWAY,TRAM 10,RD Bièvre
"[48.764720178615015, 2.2658848665512097]",Les Peintres,TRAMWAY,TRAM 10,RD Bièvre
"[48.762547276993935, 2.2820166881372703]",Petit-Châtenay,TRAMWAY,TRAM 10,RD Bièvre
"[48.79168460513109, 2.2525341241079597]",Jardin Parisien,TRAMWAY,TRAM 10,RD Bièvre
"[48.83908975449538, 2.2704582437872416]",Pont du Garigliano,RER,RER C,SNCF
"[48.53289010230884, 2.290082513840396]",Bouray,RER,RER C,SNCF
"[48.43449061192662, 2.376672818506991]",Boutigny,RER,RER D,SNCF
"[48.914246473361345, 2.2715987503897535]",Bois-Colombes,TRAIN,TRAIN J,SNCF
"[48.97066504738864, 2.0777317645655975]",Achères-Ville,TRAIN,TRAIN L,SNCF
"[48.94679694114592, 2.2578974840274197]",Argenteuil,TRAIN,TRAIN J,SNCF
"[48.58600788986434, 2.2410700809029738]",Arpajon,RER,RER C,SNCF
"[48.22954993651881, 2.703936052961915]",Bagneaux-sur-Loing,TRAIN,TRAIN R,SNCF
"[48.56611781980045, 2.492713002881577]",Le Coudray-Montceaux,RER,RER D,SNCF
"[49.032972045837816, 2.3368296898368266]",Domont,TRAIN,TRAIN H,SNCF
"[48.66948372427284, 2.3326229292104714]",Épinay-sur-Orge,RER,RER C,SNCF
"[48.980646099492056, 2.2720847727476317]",Ermont-Eaubonne,RER,RER C,SNCF
"[48.57750848849613, 2.192063068770896]",Breuillet,RER,RER C,SNCF
"[48.371383291366385, 2.3872097971981003]",Buno-Gironville,RER,RER D,SNCF
"[48.69625274687923, 2.1643782427741716]",Bures-sur-Yvette,RER,RER B,RATP
"[48.97951661734976, 2.292168702598675]",Champ de Courses d'Enghien,TRAIN,TRAIN H,SNCF
"[48.877157838768376, 2.552881649780831]",Le Chénay-Gagny,RER,RER E,SNCF
"[48.76378680861681, 2.4113867249361034]",Choisy-le-Roi,RER,RER C,SNCF
"[48.81423944456703, 2.2744896721778813]",Clamart,TRAIN,TRAIN N,SNCF
"[48.89763744698274, 2.297419948146662]",Clichy-Levallois,TRAIN,TRAIN L,SNCF
"[48.92391862562617, 2.259345703052149]",Colombes,TRAIN,TRAIN J,SNCF
"[48.982979762271704, 1.8089078287123903]",Gargenville,TRAIN,TRAIN J,SNCF
"[49.02316199809731, 2.462168966135234]",Goussainville,RER,RER D,SNCF
"[48.746452319769574, 2.727229371429766]",Gretz-Armainvilliers,RER,RER E,SNCF
"[48.8072466111669, 2.0405192047036644]",Fontenay-le-Fleury,TRAIN,TRAIN N,SNCF
"[48.84379435099823, 2.463501419487551]",Fontenay-sous-Bois,RER,RER A,RATP
"[48.869950134005364, 2.7822267234490363]",Marne-la-Vallée-Chessy,RER,RER A,RATP
"[48.8210388141285, 2.4638567953623154]",Joinville-le-Pont,RER,RER A,RATP
"[48.966326543908124, 2.3165820711557]",La Barre-Ormesson,TRAIN,TRAIN H,SNCF
"[48.98950250709662, 1.7030161341672225]",Mantes-la-Jolie,TRAIN,TRAIN N,SNCF
"[48.565593861886065, 2.290924468489717]",Marolles-en-Hurepoix,RER,RER C,SNCF
"[48.90955319881107, 1.856855516922891]",Maule,TRAIN,TRAIN N,SNCF
"[48.98663884378675, 2.059569496216214]",Maurecourt,TRAIN,TRAIN J,SNCF
"[48.52724332052425, 2.6549902821418874]",Melun,TRAIN,TRAIN R,SNCF
"[48.34841601331182, 2.0322397733867]",Monnerville,TRAIN,GL,SNCF
"[48.950819986643154, 3.124909020747328]",La Ferté-sous-Jouarre,TRAIN,TRAIN P,SNCF
"[48.88218913577092, 2.706014179759928]",Lagny-Thorigny,TRAIN,TRAIN P,SNCF
"[48.53877525569195, 2.6255221550663017]",Le Mée,RER,RER D,SNCF
"[48.80537766122676, 2.486349748779074]",Le Parc de Saint-Maur,RER,RER A,RATP
"[48.888865741372086, 2.513157532747811]",Le Raincy-Villemomble-Montfermeil,RER,RER E,SNCF
"[48.788466672616934, 2.4322435333606984]",Le Vert-de-Maisons,RER,RER D,SNCF
"[48.78222618259531, 2.409590234985702]",Les Ardoines,RER,RER C,SNCF
"[48.92087280342236, 2.313835382457718]",Les Grésillons,RER,RER C,SNCF
"[49.03318276809758, 2.4780333651150817]",Les Noues,RER,RER D,SNCF
"[48.628375550788355, 2.56958354823646]",Lieusaint-Moissy,RER,RER D,SNCF
"[48.84543414954589, 2.339762849560475]",Luxembourg,RER,RER B,RATP
"[48.70814058271019, 2.2373143646394547]",Palaiseau-Villebon,RER,RER B,RATP
"[49.14771950466571, 2.2778231906293986]",Persan-Beaumont,TRAIN,TRAIN H,SNCF
"[48.848237109475654, 2.3958235888261252]",Nation,RER,RER A,RATP
"[49.019136738908486, 2.1546634856409232]",Pierrelaye,RER,RER C,SNCF
"[49.06628869676361, 2.322920457193825]",Montsoult-Maffliers,TRAIN,TRAIN H,SNCF
"[48.78949667593891, 2.9073872703725323]",Mortcerf,TRAIN,TRAIN P,SNCF
"[48.561947849088995, 3.0120121424808306]",Nangis,TRAIN,TRAIN P,SNCF
"[49.13828637433882, 2.490178985421195]",Orry-la-Ville-Coye-la-Forêt,RER,RER D,SNCF
"[48.53513976605376, 2.544348950368585]",Ponthierry-Pringy,RER,RER D,SNCF
"[49.06115389989251, 2.1315382716316975]",Pont-Petit,TRAIN,TRAIN H,SNCF
"[48.84003378648352, 2.33709643088009]",Port Royal,RER,RER B,RATP
"[49.062969677663645, 2.057902989161613]",Osny,TRAIN,TRAIN J,SNCF
"[49.045311647416625, 2.1051107034445073]",Saint-Ouen-l'Aumône,TRAIN,TRAIN H,SNCF
"[48.78739023735681, 2.044621988534177]",Saint-Quentin-en-Yvelines,TRAIN,TRAIN N,SNCF
"[48.78135672038832, 2.297647677794033]",Sceaux,RER,RER B,RATP
"[48.82121703695917, 2.2148597954375484]",Sèvres Rive Gauche,TRAIN,TRAIN N,SNCF
"[48.771707906029434, 2.5074826457143127]",Sucy-Bonneuil,RER,RER A,RATP
"[48.871714190222136, 2.2210295504311297]",Suresnes-Mont-Valérien,TRAIN,TRAIN U,SNCF
"[48.88252792360069, 2.481213457683428]",Rosny-Bois-Perrier,RER,RER E,SNCF
"[48.52914896589067, 3.255368150025012]",Sainte-Colombe-Septveilles,TRAIN,TRAIN P,SNCF
"[48.38268943407051, 2.8165787708488974]",Saint-Mammès,TRAIN,TRAIN R,SNCF
"[48.806200023829, 2.472720403802171]",Saint-Maur-Créteil,RER,RER A,RATP
"[48.67609243303041, 2.386783798391593]",Viry-Châtillon,RER,RER D,SNCF
"[49.09107345125737, 2.2018234842360584]",Valmondois,TRAIN,TRAIN H,SNCF
"[48.394308437821834, 2.7640281887878886]",Thomery,TRAIN,TRAIN R,SNCF
"[48.83964551632845, 2.655130086641313]",Torcy,RER,RER A,RATP
"[48.730638291953525, 2.4462264454387066]",Villeneuve-Saint-Georges,RER,RER D,SNCF
"[49.26394414357276, 2.4689141153510383]",Creil,TRAIN,TRAIN H,SNCF
"[49.20087707816823, 2.838108478036551]",Ormoy-Villers,TRAIN,TRAIN K,SNCF
"[48.85804605444998, 2.2741546297365582]",La Muette,METRO,METRO 9,RATP
"[48.729023984207714, 2.3699132275101324]",Orly 4,VAL,ORLYVAL,RATP Dev
"[48.76477601201801, 2.1639470858818313]",Jouy-en-Josas,RER,RER C,SNCF
"[48.93190349406898, 2.2609654735287203]",Le Stade,TRAIN,TRAIN J,SNCF
"[48.87790843722566, 2.2844312199167676]",Neuilly Porte Maillot,RER,RER C,SNCF
"[48.843509238513676, 2.6166786246946017]",Noisiel,RER,RER A,RATP
"[49.00776771833622, 2.1965029019130347]",Montigny-Beauchamp,TRAIN,TRAIN H,SNCF
"[49.00776771833622, 2.1965029019130347]",Montigny-Beauchamp,RER,RER C,SNCF
"[48.860351433091736, 2.32675977444181]",Musée d'Orsay,RER,RER C,SNCF
"[48.55092667936702, 2.1249373835377647]",Saint-Chéron,RER,RER C,SNCF
"[48.80547779084043, 2.167669031960396]",Viroflay Rive Droite,TRAIN,TRAIN L,SNCF
"[48.950651092156185, 2.23253400870597]",Val d'Argenteuil,TRAIN,TRAIN J,SNCF
"[49.09153773262698, 1.477856178052856]",Vernon,TRAIN,TRAIN J,SNCF
"[48.33268364377388, 2.6924801905840656]",Bourron-Marlotte-Grez,TRAIN,TRAIN R,SNCF
"[48.34166354368213, 2.37881544331189]",Boigneville,RER,RER D,SNCF
"[48.47552307144049, 2.6920332598663985]",Bois-le-Roi,TRAIN,TRAIN R,SNCF
"[49.0758428838879, 2.024952931375387]",Boissy-l'Aillerie,TRAIN,TRAIN J,SNCF
"[48.90576265617279, 2.2699647791945132]",Bécon-les-Bruyères,TRAIN,TRAIN L,SNCF
"[48.96866508212806, 2.1930924686940605]",Cormeilles-en-Parisis,TRAIN,TRAIN J,SNCF
"[48.58272468713799, 2.2234488335831086]",Égly,RER,RER C,SNCF
"[49.04787620243536, 2.010999760003632]",Cergy Le Haut,RER,RER A,SNCF
"[48.51424587436435, 2.2155178119494896]",Chamarande,RER,RER C,SNCF
"[48.85645721060724, 2.2898035182584997]",Champ de Mars,RER,RER C,SNCF
"[48.8768369530351, 2.324738046836633]",Saint-Lazare,TRAIN,TRAIN L,SNCF
"[48.68619126622109, 2.317299785060706]",Gravigny-Balizy,RER,RER C,SNCF
"[48.81047522448721, 1.7645814867402245]",Garancières-La Queue,TRAIN,TRAIN N,SNCF
"[48.83059547530458, 2.264069650250567]",Issy-Val-de-Seine,RER,RER C,SNCF
"[48.734888146410114, 2.2740024044842473]",Massy-Verrières,RER,RER B,RATP
"[49.014133684049256, 2.078306591409993]",Neuville Université,RER,RER A,SNCF
"[49.03896352400667, 2.103461593344873]",Saint-Ouen-l'Aumône - Quartier de l'Église,TRAIN,TRAIN J,SNCF
"[48.847340363235745, 2.4324346602606606]",Vincennes,RER,RER A,RATP
"[49.00712724629194, 1.963551770278395]",Vaux-sur-Seine,TRAIN,TRAIN J,SNCF
"[48.795138178428715, 2.1351562241000215]",Versailles-Chantiers,RER,RER C,SNCF
"[48.8768369530351, 2.324738046836633]",Saint-Lazare,TRAIN,TRAIN J,SNCF
"[48.96876079265082, 3.3227975625701633]",Nogent-l'Artaud-Charly,TRAIN,TRAIN P,SNCF
"[48.87481054018848, 2.2958012223518685]",Charles De Gaulle-Étoile,METRO,METRO 2,RATP
"[48.874748649745484, 2.2955602562131467]",Charles De Gaulle-Étoile,METRO,METRO 6,RATP
"[48.8942522613044, 2.3137721574057815]",Porte de Clichy,METRO,METRO 13,RATP
"[48.80570415392358, 2.1690700494304567]",Viroflay Rive Droite,TRAMWAY,TRAM 6,RATP
"[48.95456256184511, 2.3023050820304927]",Épinay-sur-Seine,TRAMWAY,TRAM 11,SNCF
"[48.85394260527926, 2.289334532778806]",Bir-Hakeim,METRO,METRO 6,RATP
"[48.88066746252183, 2.3744959662604246]",Bolivar,METRO,METRO 7bis,RATP
"[48.8653227107436, 2.3567298691737]",Arts et Métiers,METRO,METRO 11,RATP
"[48.88380394146675, 2.350612999325322]",Barbès-Rochechouart,METRO,METRO 2,RATP
"[48.85343696136713, 2.3687365726261684]",Bastille,METRO,METRO 5,RATP
"[48.78000282797376, 2.459363129076404]",Créteil–Préfecture,METRO,METRO 8,RATP
"[48.85043454807889, 2.2936124371878024]",Dupleix,METRO,METRO 6,RATP
"[48.87851411308943, 2.3816145119289653]",Buttes-Chaumont,METRO,METRO 7bis,RATP
"[48.919007554283056, 2.342608014423155]",Carrefour Pleyel,METRO,METRO 13,RATP
"[48.846534635796644, 2.2859992220590066]",Charles Michels,METRO,METRO 10,RATP
"[48.854936377424146, 2.3473213170674256]",Cité,METRO,METRO 4,RATP
"[48.878770366653185, 2.322265213130597]",Europe,METRO,METRO 3,RATP
"[48.89048545381225, 2.3599957663946203]",Marx Dormoy,METRO,METRO 12,RATP
"[48.84505817137918, 2.261745124963671]",Michel Ange-Molitor,METRO,METRO 9,RATP
"[48.873769988661, 2.31445603617697]",Miromesnil,METRO,METRO 13,RATP
"[48.881016496556725, 2.272238940611056]",Les Sablons,METRO,METRO 1,RATP
"[48.870667019963506, 2.3257526352867255]",Madeleine,METRO,METRO 14,RATP
"[48.91196489694664, 2.3339248904797145]",Mairie de Saint-Ouen,METRO,METRO 13,RATP
"[48.8628296709713, 2.3368784003341987]",Palais Royal - Musée du Louvre,METRO,METRO 7,RATP
"[48.8309272400659, 2.3561219387971035]",Place d'Italie,METRO,METRO 6,RATP
"[48.831433629197946, 2.3556436430337095]",Place d'Italie,METRO,METRO 7,RATP
"[48.86496414484482, 2.367901414841736]",Oberkampf,METRO,METRO 5,RATP
"[48.85193594110045, 2.3406130064065036]",Odéon,METRO,METRO 10,RATP
"[48.869939034252084, 2.3325924893559113]",Opéra,METRO,METRO 7,RATP
"[48.83182564955102, 2.314122323459022]",Plaisance,METRO,METRO 13,RATP
"[48.867513024064, 2.346552336353211]",Sentier,METRO,METRO 3,RATP
"[48.86651446080855, 2.3608035032752683]",Temple,METRO,METRO 3,RATP
"[48.888417477833464, 2.391784450963432]",Porte de Pantin,METRO,METRO 5,RATP
"[48.89737479549444, 2.328942812768302]",Porte de Saint-Ouen,METRO,METRO 13,RATP
"[48.87717481837107, 2.4064801569984855]",Porte des Lilas,METRO,METRO 11,RATP
"[48.86590673865971, 2.3341895419682492]",Pyramides,METRO,METRO 14,RATP
"[48.83704511922334, 2.3728257245425715]",Quai de la Gare,METRO,METRO 6,RATP
"[48.84717990913505, 2.385243715115071]",Reuilly-Diderot,METRO,METRO 1,RATP
"[48.87210144119713, 2.404514942379104]",Saint-Fargeau,METRO,METRO 3bis,RATP
"[48.85144170650579, 2.3144081214724865]",Saint-François-Xavier,METRO,METRO 13,RATP
"[48.88566111176713, 2.3425496532584877]",Funiculaire Montmartre Station Haute,VAL,FUNICULAIRE MONTMARTRE,RATP
"[48.86644680513255, 2.3835991095736566]",Ménilmontant,METRO,METRO 2,RATP
"[48.844065596373376, 2.3904821339803877]",Montgallet,METRO,METRO 8,RATP
"[48.88470820039658, 2.2605150792517]",Pont de Neuilly,METRO,METRO 1,RATP
"[48.8585538254322, 2.342232759368107]",Pont Neuf,METRO,METRO 7,RATP
"[48.86460037244116, 2.4080310370758147]",Porte de Bagnolet,METRO,METRO 3,RATP
"[48.88600615057262, 2.2935299663372546]",Porte de Champerret,METRO,METRO 3,RATP
"[48.88796756081547, 2.3734568878525493]",Riquet,METRO,METRO 7,RATP
"[48.84520470264663, 2.2664415417194004]",Chardon Lagache,METRO,METRO 10,RATP
"[48.838734857902175, 2.2821433781708906]",Lourmel,METRO,METRO 8,RATP
"[48.864343777799434, 2.3301298771128605]",Tuileries,METRO,METRO 1,RATP
"[48.86343374103025, 2.4088324651439725]",Porte de Bagnolet,TRAMWAY,TRAM 3b,RATP
"[48.89804144940351, 2.3450784496454853]",Porte de Clignancourt,TRAMWAY,TRAM 3b,RATP
"[48.81060109355984, 2.3003574744281323]",Châtillon-Montrouge,TRAMWAY,TRAM 6,RATP
"[48.840663228364996, 2.3263846107928456]",Edgar Quinet,METRO,METRO 6,RATP
"[48.906700629866656, 2.4605234036744177]",Auguste Delaune,TRAMWAY,TRAM 1,RATP
"[48.906536558124614, 2.4439923345541366]",Hôtel de Ville de Bobigny,TRAMWAY,TRAM 1,RATP
"[48.86823878391211, 2.221410602618015]",Suresnes-Longchamp,TRAMWAY,TRAM 2,RATP
"[48.95550447618455, 2.295591694903069]",Épinay-Orgemont,TRAMWAY,TRAM 8,RATP
"[48.93339059626015, 2.300626211232596]",Timbaud,TRAMWAY,TRAM 1,RATP
"[48.8675213562803, 2.4089789397445074]",Séverine,TRAMWAY,TRAM 3b,RATP
"[48.83986483089535, 2.408874539222468]",Montempoivre,TRAMWAY,TRAM 3a,RATP
"[48.897429960845656, 2.394968407167714]",Ella Fitzgerald,TRAMWAY,TRAM 3b,RATP
"[48.96350234744357, 2.360213791734573]",Mairie de Pierrefitte,TRAMWAY,TRAM 5,RATP
"[48.95557634707396, 2.3583228561508633]",Joncherolles,TRAMWAY,TRAM 5,RATP
"[48.78310754951454, 2.367157833315663]",Lamartine,TRAMWAY,TRAM 7,RATP
"[48.77893639215157, 2.3674058644972846]",Domaine Chérioux,TRAMWAY,TRAM 7,RATP
"[48.78353933183029, 2.2252802952811885]",Meudon-la-Forêt,TRAMWAY,TRAM 6,RATP
"[48.78140431995061, 2.2091292272948757]",Inovel Parc Nord,TRAMWAY,TRAM 6,RATP
"[48.94958134418316, 2.3425218260403127]",César,TRAMWAY,TRAM 8,RATP
"[48.908527016896606, 2.5322874421850665]",Léon Blum,TRAMWAY,TRAM 4,SNCF
"[48.90841688545126, 2.539173330939577]",Maurice Audin,TRAMWAY,TRAM 4,SNCF
"[48.889007648572594, 2.3956810747116024]",Porte de Pantin,TRAMWAY,TRAM 3b,RATP
"[48.768442357942064, 2.4028603221912603]",Verdun Hoche,TRAMWAY,TRAM 9,KEOLIS
"[48.75920002853775, 2.408875606162366]",Carle-Darthe,TRAMWAY,TRAM 9,KEOLIS
"[48.746942401670225, 2.4163208947708146]",Les Saules,TRAMWAY,TRAM 9,KEOLIS
"[48.78362462122326, 2.214433502050176]",Dewoitine,TRAMWAY,TRAM 6,RATP
"[48.79988738224288, 2.2819513201694472]",Parc André Malraux,TRAMWAY,TRAM 6,RATP
"[48.81262937519268, 2.3706612489603813]",Cimetière Parisien d'Ivry,TRAMWAY,TRAM 9,KEOLIS
"[48.807214331925785, 2.3749115993548338]",La Briqueterie,TRAMWAY,TRAM 9,KEOLIS
"[49.01340270384009, 2.541951696822007]",Terminal 1,VAL,CDGVAL,Transdev
"[48.91800820485815, 2.362470767055212]",La Plaine-Stade de France,RER,RER B,SNCF
"[48.92530879617841, 1.4434127390456772]",Bueil,TRAIN,GL,SNCF
"[48.28627700877569, 3.2017673450549204]",Pont-sur-Yonne,TRAIN,GL,SNCF
"[48.931959085433014, 2.4971165154707378]",Aulnay-sous-Bois,TRAMWAY,TRAM 4,SNCF
"[48.69910694601902, 2.506676982547087]",Brunoy,RER,RER D,SNCF
"[48.487373093663614, 2.7504830973688112]",Fontaine-le-Port,TRAIN,TRAIN R,SNCF
"[48.545296264923, 3.286679528098299]",Champbenoist-Poigny,TRAIN,TRAIN P,SNCF
"[49.126209959725394, 2.5070138416038654]",La Borne Blanche,RER,RER D,SNCF
"[48.84615720389792, 2.2784003863661018]",Javel - André Citroën,METRO,METRO 10,RATP
"[48.893805859684164, 2.482032922407471]",Bondy,TRAMWAY,TRAM 4,SNCF
"[48.95900165452811, 2.3283518828743324]",Épinay Villetaneuse,TRAMWAY,TRAM 11,SNCF
"[48.85778351365199, 2.434538451473473]",Croix de Chavaux,METRO,METRO 9,RATP
"[48.84023383539418, 2.35160647530219]",Censier-Daubenton,METRO,METRO 7,RATP
"[48.87262083899373, 2.3561539474503386]",Château d'Eau,METRO,METRO 4,RATP
"[48.85958965464833, 2.3464781835875943]",Châtelet,METRO,METRO 14,RATP
"[48.837099427289054, 2.296231386803388]",Convention,METRO,METRO 12,RATP
"[48.88399982396176, 2.3285301398903795]",Place de Clichy,METRO,METRO 2,RATP
"[48.884284149322156, 2.3658215462820884]",Stalingrad,METRO,METRO 2,RATP
"[48.88233342277264, 2.321801731063168]",Rome,METRO,METRO 2,RATP
"[48.83173796343587, 2.237436786980606]",Billancourt,METRO,METRO 9,RATP
"[48.85200902958603, 2.36867458439179]",Bastille,METRO,METRO 1,RATP
"[48.86497810694326, 2.3969128470866257]",Gambetta,METRO,METRO 3,RATP
"[48.88439967613092, 2.360399500808731]",La Chapelle,METRO,METRO 2,RATP
"[48.842412769424165, 2.2596084727525714]",Exelmans,METRO,METRO 9,RATP
"[48.86940219572108, 2.3538187935928794]",Strasbourg-Saint-Denis,METRO,METRO 9,RATP
"[48.881094426231876, 2.3147210047461946]",Villiers,METRO,METRO 3,RATP
"[48.84370073905763, 2.4101095555973178]",Alexandra David-Néel,TRAMWAY,TRAM 3a,RATP
"[48.89783032536413, 2.338230427133583]",Angélique Compoint,TRAMWAY,TRAM 3b,RATP
"[48.913710544615356, 2.3807356063950937]",Mairie d'Aubervilliers,METRO,METRO 12,RATP
"[48.837052611110636, 2.074443574703382]",Bailly,TRAMWAY,TRAM 13,TRANSKEO
"[48.76556476353476, 2.2595761148665066]",Cité-Jardin,TRAMWAY,TRAM 10,RD Bièvre
"[49.04516945934257, 2.322917846227108]",Bouffémont-Moisselles,TRAIN,TRAIN H,SNCF
"[48.78031379546215, 2.312307716888593]",Bourg-la-Reine,RER,RER B,RATP
"[48.529746917640566, 2.572073662735742]",Boissise-le-Roi,RER,RER D,SNCF
"[48.75218571985377, 2.504559838342837]",Boissy-Saint-Léger,RER,RER A,RATP
"[49.09188299534144, 3.0626904069870555]",Crouy-sur-Ourcq,TRAIN,TRAIN P,SNCF
"[48.725535303926115, 2.419565024387933]",Ablon,RER,RER C,SNCF
"[48.31129627381493, 2.0035250000979885]",Angerville,TRAIN,GL,SNCF
"[48.79333629530144, 2.3222016336701206]",Bagneux,RER,RER B,RATP
"[48.81894780000307, 2.2298080037295134]",Bellevue,TRAIN,TRAIN N,SNCF
"[48.882681045735296, 2.8543159264638946]",Couilly-Saint-Germain-Quincy,TRAIN,TRAIN P,SNCF
"[48.85955731593991, 2.9057369645485336]",Crécy-la-Chapelle,TRAIN,TRAIN P,SNCF
"[48.8058407886765, 2.6191944124556525]",Émerainville-Pontault-Combault,RER,RER E,SNCF
"[48.95810052145, 2.328463877708283]",Épinay-Villetaneuse,TRAIN,TRAIN H,SNCF
"[48.96334411182407, 1.8090945087737829]",Épône-Mézières,TRAIN,TRAIN N,SNCF
"[48.96334411182407, 1.8090945087737829]",Épône-Mézières,TRAIN,TRAIN J,SNCF
"[48.980646099492056, 2.2720847727476317]",Ermont-Eaubonne,TRAIN,TRAIN H,SNCF
"[49.03646397979169, 2.079534939997373]",Cergy-Préfecture,TRAIN,TRAIN L,SNCF
"[48.959164062128664, 3.0261112942860646]",Changis-Saint-Jean,TRAIN,TRAIN P,SNCF
"[48.97036693301553, 2.027518775677184]",Chanteloup-les-Vignes,TRAIN,TRAIN J,SNCF
"[49.069314134565126, 2.1416969327799578]",Chaponval,TRAIN,TRAIN H,SNCF
"[48.861822271863645, 2.3470126872387564]",Châtelet-Les Halles,RER,RER D,RATP
"[48.87414408208016, 2.583331158055107]",Chelles-Gournay,TRAIN,TRAIN P,SNCF
"[48.74794190095198, 2.312711013515798]",Chemin d'Antony,RER,RER C,SNCF
"[48.743483984990334, 1.9210366000397376]",Coignières,TRAIN,TRAIN N,SNCF
"[48.99139140194027, 2.6650598693073007]",Compans,TRAIN,TRAIN K,SNCF
"[48.99371347945197, 2.234276393996537]",Franconville-Le Plessis-Bouchard,TRAIN,TRAIN H,SNCF
"[48.883734280042844, 2.525434250765842]",Gagny,RER,RER E,SNCF
"[48.374525012439406, 2.059912347637065]",Guillerval,TRAIN,GL,SNCF
"[48.79602536686587, 1.6027016929905986]",Houdan,TRAIN,TRAIN N,SNCF
"[48.43692393670402, 2.1595305875651536]",Étampes,RER,RER C,SNCF
"[48.49364457756063, 2.1945817005254256]",Étréchy,RER,RER C,SNCF
"[48.689764621447345, 2.382846099452605]",Juvisy,RER,RER C,SNCF
"[48.992241280352914, 1.8451344435023873]",Juziers,TRAIN,TRAIN J,SNCF
"[48.3936415468044, 2.3934107240666367]",Maisse,RER,RER D,SNCF
"[48.98365450660709, 1.715210986447545]",Mantes-Station,TRAIN,TRAIN J,SNCF
"[48.725997091123524, 2.2583229936112406]",Massy-Palaiseau,RER,RER C,SNCF
"[48.57059685778347, 2.432098533660356]",Mennecy,RER,RER D,SNCF
"[49.077699041884806, 2.2054467255247343]",Mériel,TRAIN,TRAIN H,SNCF
"[48.80749262484541, 2.240883069335647]",Meudon-Val-Fleury,RER,RER C,SNCF
"[48.379526103248374, 2.9425234127023696]",Montereau,TRAIN,TRAIN R,SNCF
"[48.80260197997195, 1.8164667941986066]",Montfort-L'Amaury-Méré,TRAIN,TRAIN N,SNCF
"[48.79538383468007, 2.5134232981847133]",La Varenne-Chennevières,RER,RER A,RATP
"[48.7054039238503, 2.1927348848067565]",Le Guichet,RER,RER B,RATP
"[48.693096590281584, 1.856592065287129]",Le Perray,TRAIN,TRAIN N,SNCF
"[48.8900862346195, 2.134600875228716]",Le Vésinet-Centre,RER,RER A,RATP
"[48.91363686212216, 2.2573260237852075]",Les Vallées,TRAIN,TRAIN L,SNCF
"[48.984172754372004, 1.7477861829061603]",Limay,TRAIN,TRAIN J,SNCF
"[49.02175726770351, 3.0317584458367772]",Lizy-sur-Ourcq,TRAIN,TRAIN P,SNCF
"[48.83921929901705, 2.6332109134176322]",Lognes,RER,RER A,RATP
"[48.86121452766865, 2.123191095956035]",Louveciennes,TRAIN,TRAIN L,SNCF
"[49.049325599952056, 2.501758065846462]",Louvres,RER,RER D,SNCF
"[48.770778916124826, 2.6902527821957585]",Ozoir-la-Ferrière,RER,RER E,SNCF
"[48.89811230534608, 2.400361703159175]",Pantin,RER,RER E,SNCF
"[48.97342490628139, 2.5143602855334923]",Parc des Expositions,RER,RER B,SNCF
"[48.67638132523691, 2.333249457132578]",Petit-Vaux,RER,RER C,SNCF
"[48.89574531027312, 2.2232129684066613]",Nanterre-Préfecture,RER,RER A,RATP
"[48.896652450209764, 2.458363412015992]",Noisy-le-Sec,RER,RER E,SNCF
"[48.6363513661665, 2.4077962861739053]",Orangis-Bois de l'Epine,RER,RER D,SNCF
"[48.82657842713354, 1.7032184254768585]",Orgerus-Béhoust,TRAIN,TRAIN N,SNCF
"[48.93326540519439, 2.0410722896759257]",Poissy,RER,RER A,SNCF
"[48.748349681429666, 2.373111940704934]",Pont de Rungis,RER,RER C,SNCF
"[48.635875860403985, 2.3068331640148245]",Saint-Michel-sur-Orge,RER,RER C,SNCF
"[49.045311647416625, 2.1051107034445073]",Saint-Ouen-l'Aumône,RER,RER C,SNCF
"[49.03398763533776, 2.128263873923672]",Saint-Ouen-l'Aumône-Liesse,TRAIN,TRAIN H,SNCF
"[48.97098803345075, 2.263830527175665]",Sannois,TRAIN,TRAIN J,SNCF
"[48.996006829560066, 2.3686845627963335]",Sarcelles-Saint-Brice,TRAIN,TRAIN H,SNCF
"[48.93773606248046, 2.157086496469817]",Sartrouville,RER,RER A,SNCF
"[48.8833838128909, 2.2336919201504086]",Puteaux,TRAIN,TRAIN U,SNCF
"[48.86991241825165, 2.4857611406117885]",Rosny-sous-Bois,RER,RER E,SNCF
"[48.997391999985346, 1.630167627298459]",Rosny-sur-Seine,TRAIN,TRAIN J,SNCF
"[48.84610294770648, 2.2176210808904337]",Saint-Cloud,TRAIN,TRAIN L,SNCF
"[48.79870763435358, 2.0718470059294005]",Saint-Cyr,RER,RER C,SNCF
"[48.93445554412717, 2.3456043781962896]",Saint-Denis,TRAIN,TRAIN H,SNCF
"[48.42736258324724, 2.1452465929031157]",Saint-Martin-d'Étampes,RER,RER C,SNCF
"[48.81532861955605, 1.877504204313638]",Villiers-Neauphle Pontchartrain,TRAIN,TRAIN N,SNCF
"[49.00670027680786, 1.919237111731365]",Thun-le-Paradis,TRAIN,TRAIN J,SNCF
"[48.96022648980192, 2.950060382752808]",Trilport,TRAIN,TRAIN P,SNCF
"[48.962709512366416, 2.5126446278196126]",Villepinte,RER,RER B,SNCF
"[48.34261367922731, 3.071746453743138]",Villeneuve-la-Guyard,TRAIN,GL,SNCF
"[49.26394414357276, 2.4689141153510383]",Creil,RER,RER D,SNCF
"[49.166775038874846, 2.362303528565356]",Boran-sur-Oise,TRAIN,TRAIN H,SNCF
"[49.23101805923178, 2.887366704975861]",Crépy-en-Valois,TRAIN,TRAIN K,SNCF
"[49.14288419739151, 2.7944545501073197]",Nanteuil-le-Haudouin,TRAIN,TRAIN K,SNCF
"[48.89658112768104, 2.3738190054032113]",Rosa Parks,RER,RER E,SNCF
"[48.82723877447488, 2.200721257947834]",Sèvres-Ville-d'Avray,TRAIN,TRAIN U,SNCF
"[48.894168385277624, 2.3155992205467677]",Porte de Clichy,RER,RER C,SNCF
"[48.88333487561934, 2.233871433790775]",Puteaux,TRAMWAY,TRAM 2,RATP
"[48.86251523404101, 2.3457858600391797]",Les Halles,METRO,METRO 4,RATP
"[49.010001865217326, 2.5605588439018763]",Terminal 3 - Roissypole,VAL,CDGVAL,Transdev
"[48.833073169694686, 2.333203670349574]",Denfert-Rochereau,RER,RER B,RATP
"[48.98500470032524, 2.2574741572503094]",Cernay,RER,RER C,SNCF
"[48.87499705814552, 2.328685515718797]",Haussmann-Saint-Lazare,RER,RER E,SNCF
"[48.881759488218286, 2.357570193470876]",Gare du Nord,RER,RER B,SNCF
"[48.862884803620496, 2.3125135549259594]",Invalides,RER,RER C,SNCF
"[48.7695633327529, 2.309905064564245]",Parc de Sceaux,RER,RER B,RATP
"[48.88604139898206, 2.299279102380643]",Pereire-Levallois,RER,RER C,SNCF
"[48.26775810899744, 2.68564708993975]",Nemours-Saint-Pierre,TRAIN,TRAIN R,SNCF
"[49.01531915094301, 2.2428386605648356]",Saint-Leu-la-Forêt,TRAIN,TRAIN H,SNCF
"[48.854251702558244, 2.1321324452511017]",Bougival,TRAIN,TRAIN L,SNCF
"[48.85697199491403, 2.274793324608879]",Boulainvilliers,RER,RER C,SNCF
"[49.04787620243536, 2.010999760003632]",Cergy Le Haut,TRAIN,TRAIN L,SNCF
"[48.70088331811131, 2.306992605850876]",Chilly-Mazarin,RER,RER C,SNCF
"[48.819343961671926, 2.2578938975150784]",Issy,RER,RER C,SNCF
"[48.81488431327983, 2.2409192948665337]",Meudon,TRAIN,TRAIN N,SNCF
"[48.891688138011865, 2.2385952173384704]",La Défense,RER,RER A,RATP
"[48.72191596012357, 1.8900045636979848]",Les-Essarts-le-Roi,TRAIN,TRAIN N,SNCF
"[49.014133684049256, 2.078306591409993]",Neuville Université,TRAIN,TRAIN L,SNCF
"[48.88822016183026, 2.313732451520271]",Pont-Cardinet,TRAIN,TRAIN L,SNCF
"[48.852118881696434, 2.3440211520552796]",Saint-Michel,RER,RER B,RATP
"[48.834292979538596, 2.3328523099608898]",Denfert-Rochereau,METRO,METRO 6,RATP
"[48.8434867608722, 2.3739225903167536]",Gare de Lyon,METRO,METRO 14,RATP
"[48.87979369318188, 2.3557919075311387]",Gare du Nord,METRO,METRO 4,RATP
"[48.84757936654253, 2.395554512170687]",Nation,METRO,METRO 1,RATP
"[48.89212336289817, 2.2372135364577126]",La Défense,TRAMWAY,TRAM 2,RATP
"[48.935266144884885, 2.347862407755532]",Saint-Denis,TRAMWAY,TRAM 8,RATP
"[48.90101049482036, 2.2135566086399576]",Nanterre-Université,RER,RER A,RATP
"[48.90131105510631, 2.21330231459666]",Nanterre-Université,TRAIN,TRAIN L,SNCF
"[48.84109405631434, 2.2879457664873772]",Boucicaut,METRO,METRO 8,RATP
"[48.82818847537889, 2.3271646496078233]",Alésia,METRO,METRO 4,RATP
"[48.84699703040198, 2.295019130476361]",Avenue Émile Zola,METRO,METRO 10,RATP
"[48.853439426633884, 2.369513568156525]",Bastille,METRO,METRO 8,RATP
"[48.841338248197566, 2.4009185367798023]",Bel-Air,METRO,METRO 6,RATP
"[48.87184879372683, 2.376593684096822]",Belleville,METRO,METRO 11,RATP
"[48.82979051275835, 2.350414872010463]",Corvisart,METRO,METRO 6,RATP
"[48.81480300606579, 2.4223761428456223]",École Vétérinaire de Maisons-Alfort,METRO,METRO 8,RATP
"[48.847150053875964, 2.269135872742879]",Église d'Auteuil,METRO,METRO 10,RATP
"[48.89058718567746, 2.32017475715155]",Brochant,METRO,METRO 13,RATP
"[48.846656850308115, 2.3516232550160123]",Cardinal Lemoine,METRO,METRO 10,RATP
"[48.86760214428706, 2.3138941304816143]",Champs-Élysées – Clemenceau,METRO,METRO 13,RATP
"[48.83494772231993, 2.3681263304132094]",Chevaleret,METRO,METRO 6,RATP
"[48.86995751176857, 2.3710948397312004]",Goncourt,METRO,METRO 11,RATP
"[48.86516343394703, 2.398746593442591]",Gambetta,METRO,METRO 3bis,RATP
"[48.85017786186515, 2.3840922100556665]",Faidherbe Chaligny,METRO,METRO 8,RATP
"[48.86479406396573, 2.2941620153942783]",Iéna,METRO,METRO 9,RATP
"[48.84595066481561, 2.3550502644347535]",Jussieu,METRO,METRO 7,RATP
"[48.89143955394805, 2.349627158227452]",Marcadet-Poissonniers,METRO,METRO 4,RATP
"[48.83362878011957, 2.2435786287393293]",Marcel Sembat,METRO,METRO 9,RATP
"[48.84524756452023, 2.261623492404885]",Michel Ange-Molitor,METRO,METRO 10,RATP
"[48.83711700605412, 2.4023331645551846]",Michel Bizot,METRO,METRO 8,RATP
"[48.8471310072617, 2.2727637533161587]",Mirabeau,METRO,METRO 10,RATP
"[48.888706018840786, 2.2880836330485033]",Louise Michel,METRO,METRO 3,RATP
"[48.81052080334999, 2.3842896009608205]",Mairie d'Ivry,METRO,METRO 7,RATP
"[48.85744868914132, 2.2858124441464076]",Passy,METRO,METRO 6,RATP
"[48.815930762121624, 2.3772672015137384]",Pierre et Marie Curie,METRO,METRO 7,RATP
"[48.876806388278496, 2.393056091960662]",Place des Fêtes,METRO,METRO 11,RATP
"[48.865019008102834, 2.368011378256502]",Oberkampf,METRO,METRO 9,RATP
"[48.87130850207131, 2.3314939870870903]",Opéra,METRO,METRO 3,RATP
"[48.87048333199217, 2.331186346851651]",Opéra,METRO,METRO 8,RATP
"[48.85377278708037, 2.411894837056435]",Porte de Montreuil,METRO,METRO 9,RATP
"[48.85523625186787, 2.360956490023828]",Saint-Paul,METRO,METRO 1,RATP
"[48.846878237916876, 2.326792785027681]",Saint-Placide,METRO,METRO 4,RATP
"[48.851762051560954, 2.3268225688974966]",Sèvres-Babylone,METRO,METRO 12,RATP
"[48.845626965812635, 2.3095314914609446]",Sèvres-Lecourbe,METRO,METRO 6,RATP
"[48.87711051082896, 2.4067292455430898]",Porte des Lilas,METRO,METRO 3bis,RATP
"[48.86963799595273, 2.336232756868916]",Quatre Septembre,METRO,METRO 3,RATP
"[48.84845784851418, 2.3277821284985802]",Rennes,METRO,METRO 12,RATP
"[48.86799910798849, 2.3650748610827637]",République,METRO,METRO 11,RATP
"[48.867026787539906, 2.3642479951047055]",République,METRO,METRO 3,RATP
"[48.85572642769865, 2.422983216145875]",Robespierre,METRO,METRO 9,RATP
"[48.929935888744524, 2.3560357941727963]",Saint-Denis - Porte de Paris,METRO,METRO 13,RATP
"[48.83290081472565, 2.3371351933438995]",Saint-Jacques,METRO,METRO 6,RATP
"[48.84881637243505, 2.321257862893747]",Vaneau,METRO,METRO 10,RATP
"[48.87663081405537, 2.4069995826938304]",Porte des Lilas,TRAMWAY,TRAM 3b,RATP
"[48.87627270166968, 2.3580579070747376]",Gare de l'Est,METRO,METRO 7,RATP
"[48.84373548838398, 2.324353041157966]",Montparnasse Bienvenüe,METRO,METRO 12,RATP
"[48.860786962592236, 2.320998191954084]",Assemblée Nationale,METRO,METRO 12,RATP
"[48.85745183080862, 2.3510084614060256]",Hôtel de Ville,METRO,METRO 11,RATP
"[48.87126214352652, 2.2932406499473132]",Kléber,METRO,METRO 6,RATP
"[48.88094656262635, 2.364993472400181]",Louis Blanc,METRO,METRO 7,RATP
"[48.84733558368036, 2.408089407236094]",Porte de Vincennes,METRO,METRO 1,RATP
"[48.869798555526245, 2.285335094686168]",Victor Hugo,METRO,METRO 2,RATP
"[48.89738989064754, 2.385508387668672]",Porte de la Villette,METRO,METRO 7,RATP
"[48.920785968128676, 2.410598616469425]",La Courneuve 8 Mai 1945,TRAMWAY,TRAM 1,RATP
"[48.83187246656264, 2.2872071378229086]",Porte de Versailles,TRAMWAY,TRAM 2,RATP
"[48.85298727696923, 2.410741136126436]",Porte de Montreuil,TRAMWAY,TRAM 3b,RATP
"[48.835522207414705, 2.4066571471351015]",Porte Dorée,TRAMWAY,TRAM 3a,RATP
"[48.78728034911433, 2.366988444947912]",Villejuif-Louis Aragon,TRAMWAY,TRAM 7,RATP
"[48.82999019896456, 2.3757479832156028]",Bibliothèque François Mitterrand,METRO,METRO 14,RATP
"[48.84038874716129, 2.3799112714543975]",Bercy,METRO,METRO 6,RATP
"[48.84236008153237, 2.3655817027477433]",Gare d'Austerlitz,METRO,METRO 5,RATP
"[48.87755125086984, 2.2831622422302287]",Porte Maillot,METRO,METRO 1,RATP
"[48.803355236116154, 2.445574101030144]",Maisons-Alfort-Les Juilliottes,METRO,METRO 8,RATP
"[48.81945368605909, 2.36519093257928]",Porte de Choisy,TRAMWAY,TRAM 9,KEOLIS
"[48.89714381844798, 2.506408247006797]",Allée de la Tour Rendez-Vous,TRAMWAY,TRAM 4,SNCF
"[48.893094627698034, 2.487910986261172]",La Remise à Jorelle,TRAMWAY,TRAM 4,SNCF
"[48.89259977921381, 2.4997571852395075]",Les Coquetiers,TRAMWAY,TRAM 4,SNCF
"[48.90693183120003, 2.438624497227671]",Libération,TRAMWAY,TRAM 1,RATP
"[48.843124398977956, 2.2218514947520127]",Parc de Saint-Cloud,TRAMWAY,TRAM 2,RATP
"[48.90470320284604, 2.4699715449785757]",Pont de Bondy,TRAMWAY,TRAM 1,RATP
"[48.834750009420546, 2.2712415009378293]",Henri Farman,TRAMWAY,TRAM 2,RATP
"[48.95543742517309, 2.3078725683542296]",Gilbert Bonnemaison,TRAMWAY,TRAM 8,RATP
"[48.9327902070866, 2.3012912911296626]",Timbaud,TRAMWAY,TRAM 1,RATP
"[48.914047680632855, 2.229571613274197]",Victor Basch,TRAMWAY,TRAM 2,RATP
"[48.82557023396387, 2.3811655878010214]",Avenue de France,TRAMWAY,TRAM 3a,RATP
"[48.82435490096538, 2.3776615306957365]",Maryse Bastié,TRAMWAY,TRAM 3a,RATP
"[48.89388028159559, 2.3977388506469786]",Delphine Seyrig,TRAMWAY,TRAM 3b,RATP
"[48.979276125334614, 2.380204254325135]",Paul Valéry,TRAMWAY,TRAM 5,RATP
"[48.973599375096995, 2.3660669758363615]",Butte Pinson,TRAMWAY,TRAM 5,RATP
"[48.959121097383246, 2.358742504475761]",Suzanne Valadon,TRAMWAY,TRAM 5,RATP
"[48.94212545417272, 2.3567297415254775]",Baudelaire,TRAMWAY,TRAM 5,RATP
"[48.77207421570452, 2.3678150016299613]",Moulin Vert,TRAMWAY,TRAM 7,RATP
"[48.75281135876316, 2.361952152582564]",Place de la Logistique,TRAMWAY,TRAM 7,RATP
"[48.75267434993861, 2.355360989087524]",Porte de Rungis,TRAMWAY,TRAM 7,RATP
"[48.75021318540474, 2.354391806938396]",Saarinen,TRAMWAY,TRAM 7,RATP
"[48.74656858570456, 2.3528753413357393]",Robert Schuman,TRAMWAY,TRAM 7,RATP
"[48.7399874294432, 2.359467821095851]",Hélène Boucher,TRAMWAY,TRAM 7,RATP
"[48.7903330009934, 2.263389166015155]",Soleil Levant,TRAMWAY,TRAM 6,RATP
"[48.78490216536354, 2.2371327049681917]",Georges Pompidou,TRAMWAY,TRAM 6,RATP
"[48.939688707724414, 2.3452075059279514]",Paul Éluard,TRAMWAY,TRAM 8,RATP
"[48.906628324910955, 2.5240485257463257]",République Marx Dormoy,TRAMWAY,TRAM 4,SNCF
"[48.90473884378429, 2.5479213740086846]",Romain Rolland,TRAMWAY,TRAM 4,SNCF
"[48.83199308617392, 2.398350103858006]",Porte de Charenton,TRAMWAY,TRAM 3a,RATP
"[48.78567213417288, 2.391991455496113]",Camille Groult,TRAMWAY,TRAM 9,KEOLIS
"[48.783005384563296, 2.3938382703419396]",Constant Coquelin,TRAMWAY,TRAM 9,KEOLIS
"[48.77298814269935, 2.3993596186120874]",Trois communes,TRAMWAY,TRAM 9,KEOLIS
"[48.78669993491719, 2.2544627619612343]",Hôpital Béclère,TRAMWAY,TRAM 6,RATP
"[48.919179026791625, 2.41383718095636]",Maurice Lachâtre,TRAMWAY,TRAM 1,RATP
"[48.82901050275979, 2.2253128532670696]",Musée de Sèvres,TRAMWAY,TRAM 2,RATP
"[48.97852462335796, 2.3850491920092747]",Lochères,TRAMWAY,TRAM 5,RATP
"[48.76337515204756, 2.3677905357348092]",Auguste Perret,TRAMWAY,TRAM 7,RATP
"[48.73860387112344, 2.3699077892556843]",Caroline Aigle,TRAMWAY,TRAM 7,RATP
"[48.945555538293746, 2.347312925167513]",Delaunay-Belleville,TRAMWAY,TRAM 8,RATP
"[48.95473074754637, 2.3917951396342723]",Stains La Cerisaie,TRAMWAY,TRAM 11,SNCF
"[48.81556895454927, 2.3683396347031933]",Châteaudun - Barbès,TRAMWAY,TRAM 9,KEOLIS
"[48.89395181080176, 2.480205915260598]",Bondy,RER,RER E,SNCF
"[48.44267432504784, 2.7607175073524735]",Héricy,TRAIN,TRAIN R,SNCF
"[48.13757876857079, 3.2903157842137007]",Étigny-Veron,TRAIN,GL,SNCF
"[48.08536830952014, 3.286653302654483]",Villeneuve-sur-Yonne,TRAIN,GL,SNCF
"[49.282587235456255, 1.8182711456225622]",Trie-Château,TRAIN,TRAIN J,SNCF
"[49.220670830789324, 1.9054853050824918]",Liancourt-Saint-Pierre,TRAIN,TRAIN J,SNCF
"[49.20229110432138, 1.9206110857457552]",Lavilletertre,TRAIN,TRAIN J,SNCF
"[49.17961925674245, 3.1206923972407505]",La Ferté-Milon,TRAIN,TRAIN P,SNCF
"[48.80786913914583, 3.0816485260772395]",Coulommiers,TRAIN,TRAIN P,SNCF
"[48.6260363676584, 1.7732488494482237]",Gazeran,TRAIN,GL,SNCF
"[48.48551429888663, 2.3521938145868435]",La Ferté-Alais,RER,RER D,SNCF
"[48.97988716670957, 2.180342146911748]",La Frette-Montigny,TRAIN,TRAIN J,SNCF
"[48.59111919881552, 2.266213853170555]",La Norville,RER,RER C,SNCF
"[48.75518504105718, 1.9430499444004297]",La Verrière,TRAIN,TRAIN N,SNCF
"[48.51004672479186, 1.5575946080058871]",Jouy,TRAIN,GL,SNCF
"[48.99033259011907, 2.0739553087324234]",Conflans-Fin-d'Oise,TRAIN,TRAIN L,SNCF
"[48.88297276689289, 2.3446670737483]",Anvers,METRO,METRO 2,RATP
"[48.85197520839108, 2.401927284511546]",Buzenval,METRO,METRO 9,RATP
"[48.89220682681276, 2.3272198679191276]",Guy Môquet,METRO,METRO 13,RATP
"[48.881624028056386, 2.37025905675539]",Jaurès,METRO,METRO 2,RATP
"[48.849575212975026, 2.298625127144873]",La Motte Picquet-Grenelle,METRO,METRO 10,RATP
"[48.88432566211362, 2.367372038565468]",Stalingrad,METRO,METRO 5,RATP
"[48.871256545007405, 2.344561060662729]",Grands Boulevards,METRO,METRO 8,RATP
"[48.871256545007405, 2.344561060662729]",Grands Boulevards,METRO,METRO 9,RATP
"[48.836295300607894, 2.2783302598660233]",Balard,METRO,METRO 8,RATP
"[48.872190907714405, 2.338857159453805]",Richelieu-Drouot,METRO,METRO 9,RATP
"[48.88355628923431, 2.3333796724221587]",Blanche,METRO,METRO 2,RATP
"[48.87209702899727, 2.408620055176989]",Adrienne Bolland,TRAMWAY,TRAM 3b,RATP
"[48.95582939299313, 2.3019910195900772]",Épinay-sur-Seine,TRAMWAY,TRAM 8,RATP
"[48.897549330864706, 2.324905585139421]",Épinettes - Pouchet,TRAMWAY,TRAM 3b,RATP
"[48.935767269300655, 2.339571144951486]",L'Ile-Saint-Denis,TRAMWAY,TRAM 1,RATP
"[48.809703996598586, 2.317449187923372]",Barbara,METRO,METRO 4,RATP
"[48.806616978432, 2.077227624843005]",Les Portes de Saint-Cyr,TRAMWAY,TRAM 13,TRANSKEO
"[48.84130814593108, 2.06145198461352]",Noisy-le-Roi,TRAMWAY,TRAM 13,TRANSKEO
"[48.91391884983228, 2.081675938422832]",Camp des Loges,TRAMWAY,TRAM 13,TRANSKEO
"[48.78858970379749, 2.252913650856855]",Hôpital Béclère,TRAMWAY,TRAM 10,RD Bièvre
"[48.78279119283812, 2.253167598310149]",Le Hameau,TRAMWAY,TRAM 10,RD Bièvre
"[48.76379364499511, 2.2727524032788207]",Théâtre La Piscine,TRAMWAY,TRAM 10,RD Bièvre
"[48.860028457267546, 2.3139151192031537]",Invalides,METRO,METRO 13,RATP
"[48.89218707551516, 2.2370180563950135]",La Défense,METRO,METRO 1,RATP
"[48.8959158352687, 2.460330069519439]",Noisy-le-Sec,TRAMWAY,TRAM 1,RATP
"[48.8298901568602, 2.2631785657004593]",Issy-Val-de-Seine,TRAMWAY,TRAM 2,RATP
"[48.90449641964034, 2.321743589558778]",Saint-Ouen,METRO,METRO 14,RATP
"[48.86558647756452, 2.3567367567949926]",Arts et Métiers,METRO,METRO 3,RATP
"[48.90378388011768, 2.3922212225351163]",Aubervilliers Pantin - Quatre Chemins,METRO,METRO 7,RATP
"[48.839445427444936, 2.396182886452632]",Daumesnil,METRO,METRO 8,RATP
"[48.84705255449363, 2.316424352050892]",Duroc,METRO,METRO 13,RATP
"[48.84750708106227, 2.3029682978173134]",Cambronne,METRO,METRO 6,RATP
"[48.86681836891563, 2.322082848676169]",Concorde,METRO,METRO 8,RATP
"[48.86869984641849, 2.3095051573378864]",Franklin D. Roosevelt,METRO,METRO 9,RATP
"[48.852504090577646, 2.2681767494233305]",Jasmin,METRO,METRO 9,RATP
"[48.87511181602157, 2.389415032035527]",Jourdain,METRO,METRO 11,RATP
"[48.89241892201138, 2.344764611738356]",Jules Joffrin,METRO,METRO 12,RATP
"[48.846151121246784, 2.3549179837074035]",Jussieu,METRO,METRO 10,RATP
"[48.89146499939834, 2.349815453218361]",Marcadet-Poissonniers,METRO,METRO 12,RATP
"[48.847934806957525, 2.264218775687729]",Michel Ange-Auteuil,METRO,METRO 10,RATP
"[48.85772541195898, 2.3105659609468447]",La Tour Maubourg,METRO,METRO 8,RATP
"[48.889674072959075, 2.338760650528742]",Lamarck-Caulaincourt,METRO,METRO 12,RATP
"[48.879634759722414, 2.327022200889502]",Liège,METRO,METRO 13,RATP
"[48.90323367785232, 2.306010915009082]",Mairie de Clichy,METRO,METRO 13,RATP
"[48.88685693056751, 2.3859131742732753]",Ourcq,METRO,METRO 5,RATP
"[48.84287127407178, 2.312447513065986]",Pasteur,METRO,METRO 12,RATP
"[48.86218374694281, 2.387835956453657]",Père Lachaise,METRO,METRO 2,RATP
"[48.883804527099414, 2.3272434105874056]",Place de Clichy,METRO,METRO 13,RATP
"[48.87694984717581, 2.3929839648173927]",Place des Fêtes,METRO,METRO 7bis,RATP
"[48.842866829748104, 2.3522247281830833]",Place Monge,METRO,METRO 7,RATP
"[48.83111265944071, 2.3297050126201837]",Mouton-Duvernet,METRO,METRO 4,RATP
"[48.876047495071, 2.337495844533764]",Notre-Dame-de-Lorette,METRO,METRO 12,RATP
"[48.8449426324914, 2.3287780268900797]",Notre-Dame-des-Champs,METRO,METRO 12,RATP
"[48.847066132217904, 2.30740224061964]",Ségur,METRO,METRO 10,RATP
"[48.85103175030478, 2.3261023128241898]",Sèvres-Babylone,METRO,METRO 10,RATP
"[48.82341162805273, 2.3255756362122453]",Porte d'Orléans,METRO,METRO 4,RATP
"[48.85548504946991, 2.270109138941893]",Ranelagh,METRO,METRO 9,RATP
"[48.838964279775986, 2.330754192086215]",Raspail,METRO,METRO 6,RATP
"[48.86673355502223, 2.352829461254394]",Réaumur Sébastopol,METRO,METRO 4,RATP
"[48.867827098792525, 2.363740437195039]",République,METRO,METRO 5,RATP
"[48.84712872130608, 2.3870252420986313]",Reuilly-Diderot,METRO,METRO 8,RATP
"[48.86394012976092, 2.2784416488331485]",Rue de la Pompe,METRO,METRO 9,RATP
"[48.87817339012215, 2.337857510381017]",Saint-Georges,METRO,METRO 12,RATP
"[48.856871378314686, 2.3150566373170878]",Varenne,METRO,METRO 13,RATP
"[48.930757003301366, 2.2841744482709228]",Les Courtilles,METRO,METRO 13,RATP
"[48.818676408977936, 2.3197403132985555]",Mairie de Montrouge,METRO,METRO 4,RATP
"[48.84232743679192, 2.3209848342668127]",Montparnasse-Bienvenüe,METRO,METRO 13,RATP
"[48.842102206274035, 2.321278562744627]",Montparnasse-Bienvenüe,METRO,METRO 6,RATP
"[48.884680972793454, 2.3426600373363513]",Funiculaire Montmartre Station Basse,VAL,FUNICULAIRE MONTMARTRE,RATP
"[48.89545467211839, 2.4253268901662546]",Bobigny-Pantin - Raymond Queneau,METRO,METRO 5,RATP
"[48.90609404931435, 2.331830837962409]",Garibaldi,METRO,METRO 13,RATP
"[48.86533531722583, 2.41669727284764]",Gallieni,METRO,METRO 3,RATP
"[48.920785968128676, 2.410598616469425]",La Courneuve 8 Mai 1945,METRO,METRO 7,RATP
"[48.822583706802426, 2.298464191958534]",Malakoff - Plateau de Vanves,METRO,METRO 13,RATP
"[48.8811921181366, 2.3643787411797477]",Louis Blanc,METRO,METRO 7bis,RATP
"[48.86229941188523, 2.441521809411031]",Mairie de Montreuil,METRO,METRO 9,RATP
"[48.87797270048515, 2.2983103737615282]",Ternes,METRO,METRO 2,RATP
"[48.86147646279582, 2.3739435082451816]",Saint-Ambroise,METRO,METRO 9,RATP
"[48.82642600994104, 2.3572456507586854]",Tolbiac,METRO,METRO 7,RATP
"[48.84698910520499, 2.317005235737245]",Duroc,METRO,METRO 10,RATP
"[48.87146657720145, 2.277083018415724]",Porte Dauphine,METRO,METRO 2,RATP
"[48.84797154056247, 2.2577446803632024]",Porte d'Auteuil,METRO,METRO 10,RATP
"[48.832736700820156, 2.4003104030250766]",Porte de Charenton,METRO,METRO 8,RATP
"[48.85787849393227, 2.380020644247982]",Voltaire,METRO,METRO 9,RATP
"[48.8271636169609, 2.3671730244778457]",Olympiades,METRO,METRO 14,RATP
"[48.9065360076329, 2.45000616631337]",Bobigny Pablo Picasso,TRAMWAY,TRAM 1,RATP
"[48.83612297925807, 2.2781191783109924]",Balard,TRAMWAY,TRAM 3a,RATP
"[48.819761266636434, 2.3640154621825222]",Porte de Choisy,TRAMWAY,TRAM 3a,RATP
"[48.81905151371675, 2.360129742015262]",Porte d'Italie,TRAMWAY,TRAM 3a,RATP
"[48.9302142113526, 2.283722557328397]",Les Courtilles,TRAMWAY,TRAM 1,RATP
"[48.84739388956154, 2.409656056404169]",Porte de Vincennes,TRAMWAY,TRAM 3b,RATP
"[48.897428734644386, 2.3865814331137187]",Porte de la Villette,TRAMWAY,TRAM 3b,RATP
"[48.84252802674902, 2.3654333833527588]",Paris Austerlitz,RER,RER C,SNCF
"[48.889560827381025, 2.3151768973047835]",Pont Cardinet,METRO,METRO 14,RATP
"[48.9132020942236, 2.3346631501197574]",Mairie de Saint-Ouen,METRO,METRO 14,RATP
"[48.82592054603682, 2.3133800873660424]",Didot,TRAMWAY,TRAM 3a,RATP
"[48.82230993200222, 2.2313231598737797]",Brimborion,TRAMWAY,TRAM 2,RATP
"[48.90727258612873, 2.516509893394615]",Gargan,TRAMWAY,TRAM 4,SNCF
"[48.90781431573521, 2.454357578777374]",Jean Rostand,TRAMWAY,TRAM 1,RATP
"[48.921804703583135, 2.5163333913072856]",L'Abbaye,TRAMWAY,TRAM 4,SNCF
"[48.85747140797585, 2.2206035600287266]",Les Coteaux,TRAMWAY,TRAM 2,RATP
"[48.84985048691461, 2.2212326832669627]",Les Milons,TRAMWAY,TRAM 2,RATP
"[48.821517521575345, 2.2513361548525705]",Les Moulineaux,TRAMWAY,TRAM 2,RATP
"[48.819500508973846, 2.3458035812044917]",Stade Charléty,TRAMWAY,TRAM 3a,RATP
"[48.820873354291656, 2.3509328780645755]",Poterne des Peupliers,TRAMWAY,TRAM 3a,RATP
"[48.931005670038964, 2.5148845658921473]",Rougemont-Chanteloup,TRAMWAY,TRAM 4,SNCF
"[48.959318143235116, 2.342053801387074]",Villetaneuse-Université,TRAMWAY,TRAM 8,RATP
"[48.93394363054387, 2.313257072955269]",Parc des Chanteraines,TRAMWAY,TRAM 1,RATP
"[48.93181399600157, 2.2886560045943893]",Le Luth,TRAMWAY,TRAM 1,RATP
"[48.896664396283754, 2.2400792520382717]",Faubourg de l'Arche,TRAMWAY,TRAM 2,RATP
"[48.89873398971862, 2.3805370354886333]",Canal Saint-Denis,TRAMWAY,TRAM 3b,RATP
"[48.89860117124407, 2.3690369493169228]",Porte d'Aubervilliers,TRAMWAY,TRAM 3b,RATP
"[48.94820812664603, 2.3574615262731293]",Guynemer,TRAMWAY,TRAM 5,RATP
"[48.80716984590088, 2.294091244318828]",Vauban,TRAMWAY,TRAM 6,RATP
"[48.794468883578155, 2.272650344658385]",Division Leclerc,TRAMWAY,TRAM 6,RATP
"[48.79882265203483, 2.3815109717362275]",Beethoven - Concorde,TRAMWAY,TRAM 9,KEOLIS
"[48.792891568372355, 2.3862066546438605]",Musée MAC VAL,TRAMWAY,TRAM 9,KEOLIS
"[48.790428593588366, 2.3882351403366826]",Mairie de Vitry,TRAMWAY,TRAM 9,KEOLIS
"[48.75210595274305, 2.416948755609277]",Christophe Colomb,TRAMWAY,TRAM 9,KEOLIS
"[48.95159838272274, 2.320755448125918]",Les Béatus,TRAMWAY,TRAM 8,RATP
"[48.91778372432124, 2.417691093337975]",Drancy-Avenir,TRAMWAY,TRAM 1,RATP
"[48.91583789194883, 2.4250098942744507]",Hôpital Avicenne,TRAMWAY,TRAM 1,RATP
"[48.78496976233004, 2.220009516856533]",Vélizy 2,TRAMWAY,TRAM 6,RATP
"[48.95667184509715, 2.343109235725379]",Pablo Neruda,TRAMWAY,TRAM 8,RATP
"[48.960005791496656, 2.3423685974925004]",Villetaneuse - Université,TRAMWAY,TRAM 11,SNCF
"[49.010044959106736, 2.570640068890432]",Parc PX,VAL,CDGVAL,Transdev
"[48.84084437122463, 2.549900487641345]",Noisy-le-Grand-Mont d'Est,RER,RER A,RATP
"[48.90598139301879, 2.2831992802228163]",Asnières-sur-Seine,TRAIN,TRAIN J,SNCF
"[48.78756672743317, 2.292988009258978]",Fontenay-aux-Roses,RER,RER B,RATP
"[48.02663600112107, 3.30278746506885]",Saint-Julien-du-Sault,TRAIN,GL,SNCF
"[49.285389401317865, 1.7849068783257747]",Gisors,TRAIN,TRAIN J,SNCF
"[48.99195703496499, 2.07539045016014]",Conflans-Fin-d'Oise,TRAIN,TRAIN J,SNCF
"[47.97372113746757, 3.3933081022992417]",Joigny,TRAIN,GL,SNCF
"[48.856228090321636, 2.3946756547920454]",Alexandre Dumas,METRO,METRO 2,RATP
"[48.87932978774786, 2.3040703912187595]",Courcelles,METRO,METRO 2,RATP
"[48.821897938499944, 2.4131329383427076]",Charenton-Écoles,METRO,METRO 8,RATP
"[48.88671096710697, 2.349559430194617]",Château Rouge,METRO,METRO 4,RATP
"[48.85928732423646, 2.3458030561895264]",Châtelet,METRO,METRO 1,RATP
"[48.87325274554992, 2.333946682528629]",Chaussée d'Antin - La Fayette,METRO,METRO 7,RATP
"[48.87280447497173, 2.3344562913768514]",Chaussée d'Antin - La Fayette,METRO,METRO 9,RATP
"[48.87447567571325, 2.322001788877925]",Saint-Augustin,METRO,METRO 9,RATP
"[48.93677678897849, 2.359366296360598]",Basilique de Saint-Denis,METRO,METRO 13,RATP
"[48.85489056594407, 2.3064034857365163]",École Militaire,METRO,METRO 8,RATP
"[48.86940219572108, 2.3538187935928794]",Strasbourg-Saint-Denis,METRO,METRO 8,RATP
"[48.87059047707668, 2.348491131078988]",Bonne Nouvelle,METRO,METRO 9,RATP
"[48.88813847667783, 2.249792769009765]",Esplanade de la Défense,METRO,METRO 1,RATP
"[48.896308469762474, 2.318804401344238]",Honoré de Balzac,TRAMWAY,TRAM 3b,RATP
"[48.80334774755022, 2.37779123068759]",Germaine Tailleferre,TRAMWAY,TRAM 9,KEOLIS
"[48.75454544300542, 2.4119002309498168]",Four-Peary,TRAMWAY,TRAM 9,KEOLIS
"[48.79900980990094, 2.0747465772642175]",Saint-Cyr,TRAMWAY,TRAM 13,TRANSKEO
"[48.90171349349432, 2.095213743835338]",Saint-Germain-en-Laye,TRAMWAY,TRAM 13,TRANSKEO
"[48.81564572798854, 2.078833468689222]",Allée Royale,TRAMWAY,TRAM 13,TRANSKEO
"[48.77983639352653, 2.251893156621531]",Parc des Sports,TRAMWAY,TRAM 10,RD Bièvre
"[48.776933610724925, 2.2501172588287335]",Noveos,TRAMWAY,TRAM 10,RD Bièvre
"[48.76677756489328, 2.254186127735796]",Vallée aux Loups,TRAMWAY,TRAM 10,RD Bièvre
"[48.93230541513496, 2.475674370833511]",Le Blanc-Mesnil,RER,RER B,SNCF
"[49.0704623625092, 2.175304209946159]",Auvers-sur-Oise,TRAIN,TRAIN H,SNCF
"[48.97605425219654, 2.33852407064514]",Deuil-Montmagny,TRAIN,TRAIN H,SNCF
"[48.53562062164871, 1.9959019903628321]",Dourdan-la-Forêt,RER,RER C,SNCF
"[48.93270621776532, 2.4547663827657757]",Drancy,RER,RER B,SNCF
"[49.02320637712827, 2.3622229810111146]",Écouen-Ézanville,TRAIN,TRAIN H,SNCF
"[48.953495202445616, 2.3023468035919636]",Épinay-sur-Seine,RER,RER C,SNCF
"[49.13600056365779, 2.2426777767781667]",Champagne-sur-Oise,TRAIN,TRAIN H,SNCF
"[49.16267057984195, 1.936928635785826]",Chars,TRAIN,TRAIN J,SNCF
"[48.48707639431202, 2.69503731516767]",Chartrettes,TRAIN,TRAIN R,SNCF
"[48.861822271863645, 2.3470126872387564]",Châtelet-Les Halles,RER,RER A,RATP
"[48.861822271863645, 2.3470126872387564]",Châtelet-Les Halles,RER,RER B,RATP
"[48.99663008973013, 2.0977739884634667]",Conflans-Sainte-Honorine,TRAIN,TRAIN J,SNCF
"[48.613427912659176, 2.472933650458743]",Corbeil-Essonnes,RER,RER D,SNCF
"[48.83828254506775, 2.187110711095018]",Garches-Marnes-la-Coquette,TRAIN,TRAIN L,SNCF
"[48.90307291417364, 2.8102482207300605]",Esbly,TRAIN,TRAIN P,SNCF
"[48.60555582544281, 2.462456492779696]",Essonnes-Robinson,RER,RER D,SNCF
"[48.998415392267766, 3.0079530557497183]",Isles-Armentières-Congis,TRAIN,TRAIN P,SNCF
"[48.7616936894725, 2.304227347551859]",La Croix-de-Berny-Fresnes,RER,RER B,RATP
"[48.94550297097257, 2.145017437654258]",Maisons-Laffitte,TRAIN,TRAIN L,SNCF
"[48.52724332052425, 2.6549902821418874]",Melun,RER,RER D,SNCF
"[49.005762535894725, 1.901781979947734]",Meulan-Hardricourt,TRAIN,TRAIN J,SNCF
"[48.97585875308649, 2.6424063023101887]",Mitry-Claye,TRAIN,TRAIN K,SNCF
"[48.695264121172805, 2.15164203862357]",La Hacquinière,RER,RER B,RATP
"[48.573807792623285, 2.479469169601777]",Le Plessis-Chenet,RER,RER D,SNCF
"[49.114783969151766, 2.210019869292197]",L'Isle-Adam-Parmain,TRAIN,TRAIN H,SNCF
"[48.88077520385858, 2.358732959087859]",Magenta,RER,RER E,SNCF
"[48.89512589040026, 2.1953639869129002]",Nanterre-Ville,RER,RER A,RATP
"[48.97402657954451, 3.2193028141920887]",Nanteuil-Saâcy,TRAIN,TRAIN P,SNCF
"[48.93871923899905, 1.8405170296579698]",Nézel-Aulnay,TRAIN,TRAIN N,SNCF
"[49.12345185311607, 1.9493326802800404]",Santeuil-le-Perchay,TRAIN,TRAIN J,SNCF
"[48.58715390622369, 2.4734903663442234]",Moulin-Galant,RER,RER D,SNCF
"[49.03398763533776, 2.128263873923672]",Saint-Ouen-l'Aumône-Liesse,RER,RER C,SNCF
"[48.93773606248046, 2.157086496469817]",Sartrouville,TRAIN,TRAIN L,SNCF
"[48.82723877447488, 2.200721257947834]",Sèvres-Ville-d'Avray,TRAIN,TRAIN L,SNCF
"[48.18093685483376, 2.736249842909681]",Souppes-Château-Landon,TRAIN,TRAIN R,SNCF
"[49.09958693826033, 2.525531713992053]",Survilliers-Fosses,RER,RER D,SNCF
"[48.64422195252243, 1.832935470348962]",Rambouillet,TRAIN,TRAIN N,SNCF
"[48.78023729617356, 2.281430595437461]",Robinson,RER,RER B,RATP
"[48.79870763435358, 2.0718470059294005]",Saint-Cyr,TRAIN,TRAIN N,SNCF
"[48.8007184629288, 2.1713898127563778]",Viroflay Rive Gauche,RER,RER C,SNCF
"[48.70661093476335, 2.4842425564350696]",Yerres,RER,RER D,SNCF
"[48.856070836610584, 2.2166014426812324]",Le Val d'Or,TRAIN,TRAIN L,SNCF
"[48.81838763862699, 2.2920618145543172]",Vanves-Malakoff,TRAIN,TRAIN N,SNCF
"[48.75883616277715, 2.193014615252485]",Vauboyen,RER,RER C,SNCF
"[48.73948720636679, 2.7588245486748937]",Tournan,RER,RER E,SNCF
"[48.77480280884466, 2.0065668690576657]",Trappes,TRAIN,TRAIN U,SNCF
"[48.98107190915443, 2.005930893068559]",Triel-sur-Seine,TRAIN,TRAIN J,SNCF
"[48.944181065040624, 2.5664480169629997]",Vert-Galant,RER,RER B,SNCF
"[49.42620159135142, 2.0885069725465346]",Beauvais,TRAIN,GL,SNCF
"[48.44525370366525, 1.7795837097232068]",Auneau,TRAIN,GL,SNCF
"[48.768352082722146, 1.5136372448870377]",Marchezais - Broué,TRAIN,TRAIN N,SNCF
"[49.21379080260569, 2.417033174921131]",Saint-Leu d’Esserent,TRAIN,TRAIN H,SNCF
"[48.977160714551644, 2.3906748809330787]",Garges-Sarcelles,TRAMWAY,TRAM 5,RATP
"[48.828880699842834, 2.377697000269359]",Bibliothèque François Mitterrand,RER,RER C,SNCF
"[48.83653643201063, 2.7089817422622766]",Bussy-Saint-Georges,RER,RER A,RATP
"[48.98500470032524, 2.2574741572503094]",Cernay,TRAIN,TRAIN H,SNCF
"[48.881759488218286, 2.357570193470876]",Gare du Nord,RER,RER D,SNCF
"[48.62333224013671, 2.451409095593274]",Le Bras-de-Fer,RER,RER D,SNCF
"[48.7082378276465, 2.462282244689791]",Montgeron-Crosne,RER,RER D,SNCF
"[48.863556143401276, 2.8825913226626185]",Villiers-Montbarbin,TRAIN,TRAIN P,SNCF
"[48.854824961790285, 2.7724281482553645]",Val d'Europe,RER,RER A,RATP
"[48.72964735491489, 2.360013412858125]",Orly 1-2-3,VAL,ORLYVAL,RATP Dev
"[49.00468746087186, 2.57058948552452]",Aéroport Charles De Gaulle 2-TGV,RER,RER B,SNCF
"[48.86546235614948, 2.272159381919414]",Avenue Henri Martin,RER,RER C,SNCF
"[48.53150198555095, 2.370518497736707]",Ballancourt,RER,RER D,SNCF
"[48.82108964968064, 2.338978472013181]",Cité Universitaire,RER,RER B,RATP
"[48.64848911165158, 2.4353305301813037]",Grand-Bourg,RER,RER D,SNCF
"[48.65484933449465, 2.39678350341544]",Grigny-Centre,RER,RER D,SNCF
"[48.87737561894523, 2.359456616944207]",Gare de l'Est,TRAIN,TRAIN P,SNCF
"[48.88092200573709, 2.3563285436701618]",Gare du Nord,TRAIN,TRAIN K,SNCF
"[48.739681041595524, 2.2876674954630727]",Les Baconnets,RER,RER B,RATP
"[48.80594060486005, 2.152993070369509]",Montreuil,TRAIN,TRAIN L,SNCF
"[48.85353289978531, 2.34528833219743]",Saint-Michel,RER,RER C,SNCF
"[48.795138178428715, 2.1351562241000215]",Versailles-Chantiers,TRAIN,TRAIN U,SNCF
"[48.795138178428715, 2.1351562241000215]",Versailles-Chantiers,TRAIN,TRAIN N,SNCF
"[48.88092200573709, 2.3563285436701618]",Gare du Nord,TRAIN,TRAIN H,SNCF
"[48.77126603718618, 2.435306339706322]",Créteil Pompadour,RER,RER D,SNCF
"[48.8751498187932, 2.2959049047131748]",Charles De Gaulle-Étoile,METRO,METRO 1,RATP
"[48.8531679839561, 2.343285978923923]",Saint-Michel,METRO,METRO 4,RATP
